route_id;route_length;route_time;average_fuel_consumption;route_date;finish_time;moved_bikes;moved_scooters
1;113.59;2:16:18;12.01;13-04-2017;11:58:54;9;8
2;83.91;1:40:41;10.39;02-11-2016;6:3:48;6;6
3;143.42;2:52:06;14.55;26-12-2018;9:36:32;4;6
4;59.68;1:11:36;11.68;18-06-2018;8:24:48;2;9
5;116.48;2:19:46;10.98;28-12-2017;9:40:38;4;0
6;104.6;2:05:31;13.62;28-06-2019;6:24:59;6;7
7;69.85;1:23:49;11.22;26-02-2017;8:38:40;2;3
8;148.03;2:57:38;14.08;12-07-2016;7:57:46;5;0
9;89.15;1:46:58;12.11;29-09-2016;12:26:53;4;1
10;71.96;1:26:21;12.37;25-04-2016;10:41:10;4;8
11;118.42;2:22:06;14.5;17-08-2019;7:12:32;7;7
12;140.76;2:48:54;13.48;25-04-2017;6:22:21;6;4
13;51.58;1:01:53;12.04;23-08-2019;9:9:43;10;6
14;123.8;2:28:33;12.41;14-07-2019;6:39:56;6;1
15;76.22;1:31:27;13.19;13-09-2017;11:53:38;8;0
16;105.74;2:06:53;14.11;04-10-2016;12:12:45;7;7
17;134.07;2:40:53;13.42;26-05-2019;11:40:53;9;5
18;107.81;2:09:22;13.45;14-01-2016;7:14:47;6;10
19;91.31;1:49:34;12.54;30-07-2016;6:25:27;6;4
20;61.74;1:14:05;12.3;29-10-2019;8:39:5;10;8
21;120.5;2:24:36;10.17;14-06-2016;11:49:30;7;7
22;56.49;1:07:47;11.16;20-01-2017;7:2:45;8;5
23;98.03;1:57:38;10.06;06-11-2017;8:9:37;6;5
24;88.14;1:45:46;10.41;05-06-2019;12:49:9;6;10
25;140.87;2:49:02;10.69;21-01-2016;8:30:28;7;10
26;119.45;2:23:20;14.75;17-02-2019;8:58:55;0;9
27;101.36;2:01:37;13.04;08-02-2019;11:28:31;1;7
28;50.75;1:00:53;10.76;02-10-2018;9:33:16;3;5
29;90.46;1:48:33;12.28;03-10-2019;10:17:35;0;9
30;89.49;1:47:23;13.22;01-08-2017;8:31:43;9;9
31;118.13;2:21:45;14.73;30-04-2016;10:12:48;1;3
32;122.51;2:27:00;14.67;20-05-2016;8:22:36;0;1
33;54.7;1:05:38;13.2;20-12-2017;11:1:7;10;9
34;90.59;1:48:42;13.22;24-02-2019;8:20:49;0;8
35;69.56;1:23:28;14.65;25-03-2017;8:32:55;1;10
36;97.38;1:56:51;14.49;14-11-2019;6:18:32;1;10
37;93.76;1:52:30;14.93;09-04-2019;12:56:23;0;1
38;112.38;2:14:51;12.2;05-02-2018;7:1:35;3;5
39;134.03;2:40:50;10.23;10-11-2016;12:25:14;3;9
40;102.76;2:03:18;13.48;09-01-2019;7:38:28;8;5
41;129.65;2:35:34;12.19;20-12-2016;12:12:58;0;6
42;97.06;1:56:28;12.47;24-09-2016;9:23:12;3;5
43;136.7;2:44:02;11.46;19-04-2017;7:42:36;10;4
44;129.89;2:35:52;10.66;21-05-2019;10:5:4;10;6
45;87.78;1:45:20;14.79;05-07-2019;10:33:35;2;7
46;66.45;1:19:44;12.3;01-09-2018;12:7:12;2;0
47;127.97;2:33:33;14.27;24-12-2016;12:35:12;0;2
48;95.17;1:54:12;14.47;12-01-2019;10:15:20;7;5
49;120.17;2:24:12;13.21;23-07-2016;12:29:3;10;0
50;76.66;1:31:59;12.1;02-07-2018;9:47:4;1;10
51;138.15;2:45:46;14.41;26-01-2018;12:26:25;6;9
52;137.81;2:45:22;11.71;01-06-2017;7:27:43;10;5
53;77.81;1:33:22;14.43;02-02-2018;10:46:40;0;8
54;62.27;1:14:43;12.15;01-01-2016;10:51:14;9;1
55;123.67;2:28:24;14.46;17-03-2019;11:58:8;6;1
56;91.48;1:49:46;12.99;28-01-2019;6:8:20;8;8
57;76.16;1:31:23;11.96;20-07-2018;9:48:27;10;4
58;125.03;2:30:02;12.82;09-11-2019;9:24:44;9;10
59;88.23;1:45:52;10.15;07-03-2016;12:4:1;7;10
60;132.16;2:38:35;13.47;02-03-2017;9:8:36;10;8
61;88.11;1:45:43;10.09;04-04-2019;7:14:27;3;5
62;141.42;2:49:42;14.65;11-10-2017;12:35:29;9;6
63;108.86;2:10:37;13.29;01-07-2016;10:42:12;3;9
64;104.29;2:05:08;14.25;18-06-2018;8:49:22;2;6
65;103.32;2:03:59;14.87;14-12-2019;8:8:6;0;9
66;66.15;1:19:22;14.99;15-06-2019;10:25:7;2;10
67;89.89;1:47:52;12.06;06-01-2018;8:25:15;1;6
68;53.61;1:04:19;14.98;21-06-2019;11:8:8;10;5
69;50.77;1:00:55;12.89;22-09-2016;8:12:30;4;6
70;80.55;1:36:39;11.09;07-12-2017;6:9:7;5;1
71;94.03;1:52:50;14.52;09-10-2016;10:36:45;0;2
72;102.11;2:02:31;12.31;07-08-2017;12:52:12;4;9
73;74.85;1:29:49;12.77;15-03-2017;9:54:50;4;1
74;132.8;2:39:21;12.7;21-07-2018;10:7:12;7;4
75;86.67;1:44:00;11.11;17-04-2017;10:1:31;8;6
76;76.53;1:31:50;11.87;01-03-2017;8:49:21;6;5
77;74.92;1:29:54;14.68;18-06-2018;7:0:9;8;0
78;61.46;1:13:45;11.58;17-01-2018;7:45:1;5;8
79;119.87;2:23:50;11.78;18-06-2019;8:11:2;3;7
80;73.94;1:28:43;10.72;21-01-2016;8:44:18;6;1
81;61.83;1:14:11;12.07;04-08-2019;7:17:37;2;8
82;104.79;2:05:44;14.59;29-01-2016;10:44:30;10;8
83;129.36;2:35:13;12.04;13-06-2017;11:33:3;8;9
84;79.32;1:35:11;11.82;08-10-2018;8:24:56;4;10
85;96.42;1:55:42;11.77;26-03-2019;8:6:43;0;2
86;92.09;1:50:30;14.97;20-05-2018;12:47:8;5;6
87;102.72;2:03:15;10.11;24-09-2018;9:5:59;10;7
88;130.47;2:36:33;12.29;25-02-2018;8:12:9;2;7
89;70.84;1:25:00;11.22;10-01-2018;6:58:46;3;6
90;117.65;2:21:10;13.46;03-11-2018;10:0:57;5;1
91;146.11;2:55:19;14.6;08-03-2019;9:57:48;6;2
92;69.32;1:23:11;14.75;01-08-2019;12:57:20;5;9
93;65.03;1:18:02;13.94;24-06-2019;8:33:19;5;10
94;98.71;1:58:27;12.95;30-05-2018;8:33:47;3;1
95;122.56;2:27:04;11.65;14-10-2017;6:51:33;10;2
96;61.52;1:13:49;13.63;01-02-2017;12:33:0;1;0
97;138.67;2:46:24;14.46;28-12-2019;9:55:42;10;7
98;91.61;1:49:55;10.17;19-07-2016;12:40:44;4;8
99;127.74;2:33:17;12.81;22-01-2019;11:18:46;8;7
100;51.61;1:01:55;14.47;25-03-2016;7:6:43;0;5
101;77.21;1:32:39;14.53;17-06-2017;11:19:30;6;9
102;79.45;1:35:20;14.1;09-03-2019;9:47:26;2;9
103;143.53;2:52:14;12.22;29-10-2017;10:28:43;3;10
104;131.91;2:38:17;12.1;02-06-2018;11:0:2;6;3
105;75.93;1:31:06;12.77;05-03-2017;6:20:41;3;8
106;51.56;1:01:52;13.3;07-04-2017;6:18:42;1;4
107;105.03;2:06:02;13.49;09-07-2016;7:38:44;7;5
108;70.31;1:24:22;10.09;24-06-2018;12:14:7;2;5
109;84.94;1:41:55;12.99;31-10-2017;11:52:2;2;10
110;63.62;1:16:20;14.27;17-11-2018;12:52:3;6;5
111;91.61;1:49:55;11.45;25-06-2016;12:25:14;5;1
112;55.83;1:06:59;13.37;22-07-2017;10:48:28;6;0
113;101.65;2:01:58;12.38;25-04-2019;10:5:1;0;0
114;127.67;2:33:12;12.64;12-05-2017;8:23:52;6;6
115;87.8;1:45:21;14.75;21-09-2017;7:35:2;9;9
116;63.6;1:16:19;10.48;23-09-2016;8:43:53;4;6
117;147.43;2:56:54;13.84;20-08-2018;6:3:20;9;1
118;148.23;2:57:52;13.52;24-08-2017;10:38:16;6;6
119;137.9;2:45:28;14.85;19-02-2018;6:23:12;3;3
120;75.78;1:30:56;10.6;08-03-2019;6:48:28;7;1
121;100.59;2:00:42;11.83;27-09-2017;10:8:44;3;0
122;108.99;2:10:47;13.62;19-12-2018;9:33:14;1;1
123;66.05;1:19:15;10.91;01-01-2017;12:52:24;5;3
124;53.06;1:03:40;11.52;03-03-2018;6:35:55;9;10
125;104.03;2:04:50;12.45;09-02-2019;10:30:43;10;6
126;118.11;2:21:43;12.95;26-01-2017;11:18:15;6;7
127;124.41;2:29:17;13.79;15-10-2019;11:24:30;4;7
128;64.46;1:17:21;10.89;20-02-2019;10:43:9;2;1
129;55.1;1:06:07;14.76;21-11-2017;12:33:57;0;5
130;136.86;2:44:13;11.63;20-05-2018;7:51:52;5;0
131;119.44;2:23:19;13.58;09-02-2018;7:0:0;3;5
132;84.82;1:41:47;13.3;19-04-2019;8:24:22;10;2
133;97.96;1:57:33;11.35;05-10-2017;6:24:40;5;1
134;79.21;1:35:03;10.18;19-06-2017;8:45:2;5;9
135;111.83;2:14:11;10.9;24-06-2017;9:19:56;7;3
136;72.93;1:27:30;10.11;08-06-2019;9:23:8;1;10
137;111.11;2:13:19;10.44;12-08-2016;9:28:54;1;6
138;117.86;2:21:25;10.64;11-07-2017;9:38:49;0;2
139;59.23;1:11:04;12.54;03-01-2016;8:11:0;0;10
140;114.71;2:17:39;11.17;19-01-2017;11:10:23;5;9
141;107.26;2:08:42;11.73;02-07-2018;9:28:24;10;5
142;58.11;1:09:43;10.1;31-12-2018;12:57:59;9;5
143;76.07;1:31:17;11.02;02-10-2017;11:56:36;0;7
144;53.46;1:04:09;10.3;02-03-2018;11:41:42;2;9
145;130.21;2:36:15;13.09;21-07-2018;10:36:59;10;4
146;137.49;2:44:59;13.26;30-03-2016;8:11:32;9;0
147;119.14;2:22:58;12.82;21-10-2019;7:47:13;1;1
148;52.02;1:02:25;12.36;02-06-2016;10:8:30;1;3
149;71.69;1:26:01;13.97;06-09-2018;9:21:58;10;9
150;71.73;1:26:04;13.66;19-04-2017;10:46:48;0;4
151;145.86;2:55:01;13.02;30-01-2018;9:46:15;4;0
152;106.28;2:07:32;10.3;20-03-2018;10:35:39;5;10
153;80.84;1:37:00;14.72;17-12-2018;9:6:40;1;4
154;104.82;2:05:47;13.18;05-08-2018;7:42:42;2;8
155;111.04;2:13:14;14.57;29-10-2016;11:10:58;9;2
156;149.33;2:59:11;12.38;27-09-2018;8:49:47;6;2
157;85.21;1:42:15;11.18;01-05-2018;11:25:55;3;6
158;63.08;1:15:41;11.3;10-05-2017;6:50:3;4;10
159;107.74;2:09:17;13.48;04-11-2019;8:15:11;5;1
160;108.05;2:09:39;13.16;15-05-2016;8:1:35;2;5
161;93.36;1:52:01;10.49;22-04-2018;9:4:6;8;9
162;105.67;2:06:48;11.56;02-02-2019;11:57:18;9;6
163;60.26;1:12:18;14.59;18-04-2019;11:40:2;9;6
164;110.26;2:12:18;12.99;20-03-2016;11:34:12;4;6
165;101.64;2:01:58;10.96;12-04-2018;12:26:3;5;3
166;147.96;2:57:33;10.27;13-01-2017;9:48:1;8;6
167;146.44;2:55:43;11.78;04-10-2018;7:59:3;1;9
168;122.99;2:27:35;14.12;20-02-2018;9:6:6;6;8
169;128.9;2:34:40;10.59;14-06-2017;10:16:4;1;4
170;78.28;1:33:56;14.04;17-01-2019;6:58:16;6;7
171;53.49;1:04:11;13.92;28-03-2018;12:13:51;6;2
172;117.87;2:21:26;13.68;18-04-2018;9:19:12;2;3
173;73.92;1:28:42;10.81;08-09-2018;7:25:14;5;8
174;76.61;1:31:55;13.03;01-03-2016;10:39:12;2;4
175;61.24;1:13:29;13.23;16-06-2019;8:37:48;5;4
176;134.29;2:41:08;10.29;03-12-2016;7:51:11;7;4
177;140.27;2:48:19;12.93;29-01-2018;12:16:24;9;10
178;133.98;2:40:46;12.0;05-04-2018;12:54:45;5;9
179;149.33;2:59:11;10.94;16-10-2016;11:42:16;2;6
180;75.11;1:30:07;10.15;08-09-2019;12:45:28;5;0
181;59.6;1:11:31;12.31;27-08-2018;7:40:47;8;9
182;146.26;2:55:30;13.95;28-03-2018;10:56:28;9;2
183;117.55;2:21:03;12.25;15-02-2019;11:14:28;10;1
184;98.16;1:57:47;10.34;07-05-2019;10:3:52;9;1
185;99.34;1:59:12;14.36;01-08-2016;7:4:31;1;5
186;97.54;1:57:02;12.7;18-04-2017;8:36:28;4;6
187;120.69;2:24:49;13.27;12-05-2017;8:30:45;4;7
188;148.29;2:57:56;13.44;09-05-2019;7:11:6;4;6
189;111.17;2:13:24;14.17;16-10-2019;9:47:20;7;6
190;73.44;1:28:07;11.32;12-06-2018;7:46:39;2;2
191;116.38;2:19:39;14.74;03-05-2017;10:5:44;4;7
192;72.38;1:26:51;10.95;26-01-2019;8:23:49;7;1
193;147.89;2:57:28;11.49;08-12-2019;10:25:34;5;0
194;50.98;1:01:10;13.45;22-09-2017;10:6:46;6;5
195;126.04;2:31:14;12.82;16-03-2017;12:35:37;8;5
196;62.12;1:14:32;11.51;23-10-2019;6:38:14;9;1
197;64.79;1:17:44;10.85;13-12-2017;12:23:56;1;8
198;122.31;2:26:46;10.81;16-08-2019;11:7:9;5;9
199;134.75;2:41:42;11.0;21-10-2016;10:21:31;6;3
200;79.57;1:35:29;14.05;18-03-2019;11:43:17;4;10
201;100.3;2:00:21;12.36;15-03-2019;7:27:55;10;6
202;136.53;2:43:50;10.19;11-07-2016;10:58:6;10;1
203;54.65;1:05:34;14.15;27-11-2018;7:22:4;1;3
204;104.47;2:05:21;12.28;10-10-2016;8:4:42;2;5
205;79.91;1:35:53;13.94;07-11-2017;9:16:5;8;8
206;75.58;1:30:41;11.84;04-06-2017;9:6:26;9;0
207;144.27;2:53:07;10.58;08-09-2016;11:11:6;10;8
208;134.93;2:41:54;12.61;16-10-2017;6:24:11;10;9
209;62.83;1:15:23;11.17;23-10-2017;8:22:29;10;5
210;122.82;2:27:23;10.46;14-07-2016;11:45:40;10;7
211;114.08;2:16:53;14.85;01-07-2018;8:54:34;3;5
212;134.06;2:40:52;12.57;04-10-2018;6:25:22;0;5
213;66.35;1:19:37;12.14;14-09-2016;8:50:30;9;7
214;91.94;1:50:19;11.99;29-04-2016;12:5:20;7;7
215;112.47;2:14:57;13.65;30-09-2018;9:35:26;0;7
216;51.11;1:01:19;13.8;12-11-2018;10:13:50;0;1
217;90.51;1:48:36;12.59;09-09-2019;7:42:4;7;7
218;148.65;2:58:22;13.9;27-11-2019;12:29:33;9;4
219;122.35;2:26:49;11.8;14-02-2018;9:33:24;0;7
220;59.16;1:10:59;14.71;20-06-2017;6:25:32;9;7
221;134.97;2:41:57;14.33;13-06-2019;6:2:17;9;8
222;73.11;1:27:43;11.98;27-01-2017;6:21:9;6;6
223;108.06;2:09:40;10.14;08-04-2016;10:40:48;7;10
224;56.09;1:07:18;13.49;05-08-2016;9:50:24;7;5
225;55.51;1:06:36;11.46;15-11-2017;12:40:50;6;10
226;107.88;2:09:27;10.63;18-09-2019;10:52:42;4;1
227;112.93;2:15:30;13.6;14-07-2019;11:33:23;3;8
228;53.57;1:04:17;13.29;09-03-2018;10:35:28;1;2
229;139.56;2:47:28;13.28;26-05-2016;6:52:14;1;0
230;76.47;1:31:45;14.95;26-11-2016;11:2:29;3;8
231;119.81;2:23:46;14.34;25-10-2016;8:50:16;7;0
232;137.23;2:44:40;14.79;28-07-2019;6:5:12;6;6
233;135.78;2:42:56;10.1;18-10-2016;10:4:59;5;5
234;118.26;2:21:54;12.31;28-03-2019;12:16:35;6;10
235;75.58;1:30:41;14.11;20-01-2016;10:28:24;2;1
236;144.07;2:52:53;14.37;14-01-2016;8:41:59;10;6
237;119.14;2:22:58;13.33;17-10-2016;12:27:43;8;8
238;57.51;1:09:00;12.68;29-12-2016;6:39:31;6;2
239;55.09;1:06:06;14.28;12-04-2016;7:41:28;9;5
240;73.47;1:28:09;14.19;12-03-2017;7:22:27;4;8
241;135.63;2:42:45;12.97;05-03-2019;11:50:54;8;8
242;55.95;1:07:08;11.4;19-05-2018;7:14:23;5;5
243;108.53;2:10:14;11.77;16-05-2018;12:35:12;9;9
244;54.13;1:04:57;11.98;08-08-2017;12:8:12;3;4
245;53.65;1:04:22;11.69;20-10-2018;12:0:58;0;7
246;91.88;1:50:15;12.69;04-12-2017;11:52:51;0;7
247;111.19;2:13:25;12.28;05-04-2017;11:33:47;5;1
248;135.56;2:42:40;13.32;30-06-2018;7:9:38;7;5
249;123.43;2:28:06;14.9;10-08-2017;10:59:59;1;0
250;109.49;2:11:23;14.75;26-10-2019;11:55:34;4;9
251;111.39;2:13:40;11.4;06-03-2019;7:2:6;9;7
252;90.8;1:48:57;13.35;12-12-2019;7:58:38;1;7
253;83.09;1:39:42;10.45;05-07-2018;12:41:31;4;1
254;149.98;2:59:58;13.1;16-04-2018;7:21:55;3;3
255;98.95;1:58:44;12.61;24-12-2016;7:8:21;1;5
256;73.42;1:28:06;11.83;21-07-2019;6:35:23;8;8
257;108.1;2:09:43;13.82;03-12-2018;11:55:44;10;2
258;94.71;1:53:39;12.16;11-06-2017;12:58:11;0;1
259;93.46;1:52:09;11.23;01-08-2017;6:34:21;1;8
260;96.17;1:55:24;11.07;30-12-2017;6:47:3;1;8
261;139.29;2:47:08;12.09;07-06-2016;7:23:16;2;3
262;84.25;1:41:06;14.23;19-09-2019;7:0:6;1;2
263;51.75;1:02:05;11.47;15-12-2019;12:3:58;3;3
264;125.61;2:30:43;13.99;27-03-2019;11:35:24;3;3
265;105.74;2:06:53;14.2;25-10-2019;12:37:34;10;2
266;84.43;1:41:18;14.9;10-10-2016;6:28:9;2;2
267;91.56;1:49:52;14.39;04-06-2018;11:5:4;4;2
268;79.99;1:35:59;13.51;27-06-2017;6:33:19;1;7
269;143.07;2:51:41;13.18;04-06-2016;8:14:19;0;9
270;94.99;1:53:59;12.95;24-03-2016;6:8:17;6;7
271;78.32;1:33:59;14.79;06-05-2017;7:8:7;7;2
272;52.67;1:03:12;13.53;26-02-2017;6:16:55;1;10
273;114.73;2:17:40;14.14;30-07-2018;8:23:50;7;2
274;137.32;2:44:47;13.85;22-07-2018;11:54:55;9;8
275;147.17;2:56:36;10.12;23-01-2017;12:51:53;7;9
276;91.4;1:49:40;13.4;28-04-2016;6:6:49;9;2
277;98.26;1:57:54;10.58;12-02-2018;11:38:54;8;4
278;124.25;2:29:06;11.48;20-10-2019;11:43:19;9;0
279;69.86;1:23:49;13.56;16-07-2017;10:16:27;0;1
280;113.04;2:15:38;14.82;16-05-2017;8:26:24;9;4
281;56.45;1:07:44;11.11;08-02-2019;10:29:12;4;6
282;141.66;2:49:59;13.95;22-12-2019;6:38:40;5;6
283;92.99;1:51:35;11.9;15-01-2016;6:27:8;7;3
284;86.1;1:43:19;14.7;30-12-2016;7:7:27;7;0
285;60.55;1:12:39;12.66;02-04-2019;7:25:43;2;6
286;51.84;1:02:12;12.68;20-12-2017;6:1:47;10;9
287;82.94;1:39:31;14.55;03-11-2017;11:47:57;6;2
288;144.76;2:53:42;12.44;27-03-2016;10:41:36;8;1
289;94.02;1:52:49;13.59;27-04-2017;7:56:55;1;8
290;83.03;1:39:38;12.97;07-04-2019;9:33:2;2;2
291;50.92;1:01:06;13.7;16-04-2017;11:56:20;9;6
292;130.2;2:36:14;14.29;19-09-2019;6:6:30;10;8
293;55.63;1:06:45;10.35;28-09-2016;9:26:40;4;4
294;106.34;2:07:36;14.05;10-10-2018;11:34:5;4;2
295;104.45;2:05:20;11.79;12-08-2018;9:32:3;10;5
296;116.98;2:20:22;10.1;29-09-2017;6:13:28;1;1
297;62.13;1:14:33;11.26;03-08-2019;12:53:43;7;8
298;130.53;2:36:38;13.03;26-02-2019;6:20:52;10;10
299;103.64;2:04:22;14.83;16-07-2017;8:2:10;8;9
300;101.17;2:01:24;13.4;12-02-2018;11:32:14;3;8
301;73.8;1:28:33;13.85;16-12-2016;7:38:14;7;3
302;62.25;1:14:42;12.23;01-01-2018;6:12:52;10;0
303;90.86;1:49:01;14.14;29-06-2017;7:51:40;4;10
304;61.83;1:14:11;10.42;23-09-2019;6:22:51;6;8
305;143.86;2:52:37;10.55;13-03-2019;9:1:37;7;6
306;112.56;2:15:04;12.96;15-02-2017;12:53:3;10;1
307;136.54;2:43:50;14.08;14-11-2016;9:25:17;5;8
308;65.32;1:18:23;10.93;01-09-2017;6:9:35;2;10
309;96.03;1:55:14;13.23;29-05-2017;10:58:37;10;7
310;116.49;2:19:47;10.91;26-09-2019;8:3:12;1;4
311;128.98;2:34:46;10.04;05-03-2018;6:51:6;9;2
312;63.35;1:16:01;10.83;25-06-2018;11:22:14;6;4
313;104.26;2:05:06;14.54;02-05-2016;11:16:30;0;9
314;108.35;2:10:01;13.72;20-02-2018;11:56:59;4;3
315;110.47;2:12:33;10.43;06-04-2017;12:55:38;8;6
316;120.73;2:24:52;12.21;16-05-2017;9:44:18;9;4
317;95.8;1:54:57;12.56;26-06-2019;11:56:53;8;7
318;81.94;1:38:19;11.38;14-11-2017;11:29:33;10;10
319;131.74;2:38:05;12.05;21-01-2019;7:7:38;8;8
320;98.0;1:57:36;12.96;13-06-2019;10:45:19;3;2
321;75.2;1:30:14;13.85;11-10-2018;11:15:54;9;7
322;132.64;2:39:10;11.67;28-01-2016;11:57:36;0;2
323;94.36;1:53:13;14.99;02-09-2016;8:54:20;0;3
324;120.59;2:24:42;13.3;20-05-2017;11:14:13;4;7
325;78.22;1:33:51;12.26;23-04-2019;12:7:36;0;5
326;106.36;2:07:37;12.06;09-06-2016;7:10:26;4;7
327;68.52;1:22:13;12.14;23-12-2017;11:55:53;5;5
328;58.66;1:10:23;10.18;12-04-2016;12:29:50;4;3
329;136.4;2:43:40;13.58;19-05-2016;10:20:52;1;10
330;87.78;1:45:20;13.78;10-07-2016;6:24:57;2;9
331;129.51;2:35:24;12.58;09-11-2017;11:59:2;8;0
332;75.09;1:30:06;12.94;17-06-2017;6:36:55;9;0
333;145.0;2:54:00;14.55;06-02-2019;6:39:57;9;8
334;111.2;2:13:26;11.89;12-10-2018;6:51:19;1;0
335;140.13;2:48:09;11.05;25-12-2018;9:39:44;4;9
336;147.48;2:56:58;10.53;11-12-2016;10:1:1;6;0
337;54.86;1:05:49;10.79;07-12-2018;8:48:13;2;1
338;57.99;1:09:35;14.37;30-01-2019;12:3:25;9;2
339;124.84;2:29:48;13.94;01-12-2017;11:48:50;4;9
340;64.06;1:16:52;11.15;22-05-2018;7:41:39;2;4
341;136.01;2:43:12;13.84;24-08-2016;7:48:23;3;9
342;141.24;2:49:29;11.65;27-01-2019;11:6:34;0;1
343;147.25;2:56:42;13.28;14-10-2019;12:39:46;1;9
344;143.93;2:52:42;13.23;14-11-2019;10:59:33;1;8
345;124.01;2:28:48;11.6;20-05-2016;6:54:22;4;1
346;120.33;2:24:23;14.63;28-11-2016;8:35:14;4;0
347;134.4;2:41:16;12.57;07-09-2019;7:31:1;7;2
348;143.54;2:52:14;12.04;26-10-2019;12:52:17;7;5
349;104.8;2:05:45;10.77;29-10-2017;10:59:53;3;5
350;112.61;2:15:07;11.22;13-09-2018;9:40:17;10;4
351;88.16;1:45:47;10.23;06-02-2019;11:26:27;5;6
352;147.52;2:57:01;14.62;07-12-2019;6:50:53;5;9
353;95.88;1:55:03;10.38;02-12-2019;7:3:41;2;10
354;113.75;2:16:30;13.5;25-08-2018;6:49:28;0;5
355;144.86;2:53:49;10.11;30-03-2018;7:6:37;9;0
356;112.61;2:15:07;12.92;06-02-2017;9:13:32;7;7
357;109.08;2:10:53;11.93;13-07-2016;8:11:8;5;5
358;135.31;2:42:22;13.39;01-10-2017;12:16:38;8;3
359;97.08;1:56:29;12.16;11-03-2019;6:45:34;7;2
360;100.82;2:00:59;11.1;13-04-2018;10:57:53;10;5
361;79.99;1:35:59;13.86;07-09-2016;9:24:18;3;2
362;93.44;1:52:07;10.16;22-12-2016;9:10:58;1;2
363;137.13;2:44:33;10.65;24-04-2017;12:21:22;1;4
364;135.06;2:42:04;11.22;19-01-2017;10:0:14;3;7
365;141.23;2:49:28;12.74;03-04-2017;8:53:53;7;8
366;106.84;2:08:12;14.97;24-05-2017;6:0:49;7;0
367;120.53;2:24:38;12.58;23-11-2018;11:51:18;8;2
368;129.56;2:35:28;12.39;18-10-2017;12:32:50;1;7
369;123.41;2:28:05;14.22;21-02-2019;6:6:8;9;6
370;98.38;1:58:03;12.91;28-11-2019;11:25:43;6;1
371;99.38;1:59:15;14.15;06-09-2018;8:28:11;4;4
372;93.64;1:52:22;10.89;03-07-2017;10:7:56;4;4
373;78.24;1:33:53;11.66;22-05-2016;12:19:46;0;10
374;79.47;1:35:21;12.34;24-06-2017;6:4:52;3;1
375;66.34;1:19:36;12.06;15-01-2016;11:20:50;10;3
376;67.09;1:20:30;13.07;25-06-2019;7:18:50;2;3
377;52.24;1:02:41;10.54;20-04-2017;9:0:26;5;0
378;108.91;2:10:41;12.02;09-03-2017;12:56:41;6;0
379;83.96;1:40:45;12.01;29-08-2018;10:10:9;1;1
380;95.68;1:54:48;12.66;24-10-2019;11:3:53;7;10
381;110.9;2:13:04;13.61;24-12-2018;10:30:13;4;5
382;137.01;2:44:24;13.6;07-08-2017;6:52:20;1;6
383;134.82;2:41:47;14.49;08-01-2017;9:19:38;4;4
384;139.42;2:47:18;11.3;11-10-2019;9:29:4;1;3
385;92.22;1:50:39;13.86;01-04-2018;9:14:37;5;4
386;78.69;1:34:25;13.78;21-06-2018;10:5:50;0;2
387;137.53;2:45:02;14.93;20-05-2019;11:16:55;9;4
388;62.8;1:15:21;12.91;06-05-2017;12:18:40;0;0
389;121.55;2:25:51;10.53;17-08-2017;11:47:26;1;8
390;98.82;1:58:35;13.22;11-08-2017;11:26:37;10;4
391;83.74;1:40:29;14.3;13-05-2018;6:37:45;9;1
392;60.82;1:12:59;12.22;28-08-2016;12:36:0;6;0
393;94.26;1:53:06;12.47;27-04-2019;10:50:16;2;1
394;107.13;2:08:33;14.32;24-07-2019;8:24:7;3;8
395;122.18;2:26:36;13.39;29-11-2016;7:27:21;4;1
396;52.77;1:03:19;13.49;16-09-2019;6:26:8;5;0
397;78.77;1:34:31;11.02;29-08-2018;11:49:6;4;3
398;56.26;1:07:30;11.88;04-10-2018;11:36:9;8;0
399;74.21;1:29:03;11.34;05-02-2016;8:44:42;7;10
400;110.86;2:13:01;14.17;01-10-2016;10:2:21;3;3
401;83.77;1:40:31;10.61;06-02-2018;9:32:45;7;4
402;127.03;2:32:26;14.15;23-10-2016;9:0:27;5;1
403;64.83;1:17:47;13.96;13-01-2016;9:43:38;5;7
404;108.69;2:10:25;14.62;12-11-2017;10:9:1;4;4
405;147.05;2:56:27;11.35;22-03-2016;9:21:43;4;6
406;63.47;1:16:09;10.25;01-08-2018;12:38:52;1;6
407;131.64;2:37:58;12.9;04-03-2019;8:21:7;3;0
408;123.07;2:27:41;11.31;20-01-2019;8:33:38;5;5
409;111.95;2:14:20;13.22;11-05-2018;10:50:47;10;4
410;143.19;2:51:49;11.03;25-05-2019;7:19:21;0;10
411;130.82;2:36:59;13.36;15-03-2016;10:35:51;7;3
412;135.24;2:42:17;13.31;15-04-2017;6:55:45;8;4
413;118.25;2:21:54;13.83;28-01-2017;6:54:1;4;2
414;89.67;1:47:36;14.34;13-02-2016;10:9:27;10;1
415;105.75;2:06:54;11.94;21-04-2016;10:29:49;9;3
416;126.68;2:32:00;14.07;11-05-2019;12:23:27;5;5
417;118.11;2:21:43;12.67;15-04-2019;9:57:21;10;0
418;104.06;2:04:52;13.18;20-10-2017;6:1:14;1;0
419;126.95;2:32:20;12.31;07-02-2019;11:51:12;3;2
420;146.53;2:55:50;12.98;30-08-2016;7:8:10;0;3
421;67.94;1:21:31;11.66;04-11-2019;8:23:32;1;8
422;69.91;1:23:53;14.32;17-11-2018;7:16:20;7;5
423;136.02;2:43:13;11.74;27-12-2016;10:51:54;6;8
424;77.22;1:32:39;11.63;20-06-2019;7:29:14;1;1
425;97.67;1:57:12;11.97;08-06-2019;6:20:30;6;10
426;57.82;1:09:23;13.3;17-08-2017;10:21:59;10;6
427;54.8;1:05:45;10.17;30-01-2019;9:56:17;0;3
428;103.59;2:04:18;13.4;14-02-2019;6:25:30;4;9
429;61.87;1:14:14;11.03;07-12-2017;10:5:51;1;0
430;105.03;2:06:02;12.3;30-08-2018;12:34:45;8;2
431;82.43;1:38:54;11.78;09-02-2016;9:38:23;6;10
432;78.53;1:34:14;10.67;25-08-2016;10:24:48;9;10
433;83.35;1:40:01;10.15;27-08-2019;12:45:47;10;0
434;91.11;1:49:19;14.16;16-08-2018;10:40:5;9;9
435;92.88;1:51:27;13.01;21-11-2018;9:28:39;2;5
436;84.52;1:41:25;11.29;17-09-2019;11:55:57;5;5
437;91.14;1:49:22;12.8;13-10-2018;10:11:43;9;3
438;143.04;2:51:38;14.43;03-02-2018;7:33:13;9;1
439;67.57;1:21:05;11.32;14-08-2018;7:37:45;6;8
440;95.48;1:54:34;10.19;25-01-2018;10:29:24;8;5
441;68.25;1:21:54;13.75;22-08-2017;11:7:12;3;0
442;87.71;1:45:15;10.8;24-02-2017;6:56:32;8;9
443;55.99;1:07:11;14.33;10-03-2018;11:8:40;10;4
444;95.16;1:54:11;11.57;11-07-2017;10:44:30;2;7
445;82.84;1:39:24;11.27;03-06-2018;10:0:4;8;5
446;89.17;1:47:00;14.02;11-06-2018;6:33:55;10;9
447;81.04;1:37:14;13.3;12-10-2016;10:39:1;9;4
448;148.54;2:58:14;14.54;15-06-2019;10:28:41;9;3
449;100.68;2:00:48;13.42;07-08-2019;10:23:56;10;9
450;69.81;1:23:46;11.38;20-06-2018;10:15:27;10;10
451;145.21;2:54:15;13.36;11-05-2017;6:52:17;8;10
452;61.71;1:14:03;12.76;25-07-2016;10:10:43;10;0
453;92.98;1:51:34;12.47;15-11-2019;8:47:4;0;3
454;68.61;1:22:19;13.42;07-09-2017;7:35:11;9;6
455;118.42;2:22:06;11.9;23-06-2018;12:52:18;1;4
456;93.42;1:52:06;13.51;01-09-2016;11:17:55;4;8
457;147.95;2:57:32;14.44;10-08-2019;6:26:45;5;7
458;117.24;2:20:41;12.29;22-03-2018;6:26:39;0;7
459;107.72;2:09:15;13.64;19-11-2017;10:5:39;5;0
460;96.31;1:55:34;14.21;12-06-2017;11:2:14;4;6
461;125.96;2:31:09;12.82;18-11-2018;11:24:20;0;10
462;95.61;1:54:43;10.76;16-05-2019;8:15:59;7;8
463;92.97;1:51:33;14.63;02-04-2018;6:5:18;9;5
464;123.57;2:28:17;14.36;18-03-2016;11:42:50;1;10
465;57.93;1:09:30;10.15;03-03-2016;6:3:20;7;9
466;101.53;2:01:50;10.18;10-10-2018;9:31:9;7;4
467;148.91;2:58:41;14.92;18-02-2016;12:8:26;9;4
468;113.76;2:16:30;12.93;12-06-2017;6:3:40;4;6
469;68.61;1:22:19;10.19;01-01-2018;9:16:21;9;5
470;138.77;2:46:31;14.67;13-06-2016;11:30:33;4;8
471;70.31;1:24:22;14.89;03-02-2018;7:21:2;4;6
472;114.94;2:17:55;11.73;08-11-2016;9:45:43;1;7
473;130.34;2:36:24;12.51;27-09-2016;11:30:33;9;3
474;92.1;1:50:31;11.14;17-06-2016;7:45:56;2;0
475;109.72;2:11:39;13.27;29-07-2019;7:24:40;8;2
476;88.78;1:46:32;13.25;06-01-2016;10:47:30;5;0
477;111.95;2:14:20;11.04;19-09-2019;7:44:31;3;4
478;116.8;2:20:09;12.37;13-04-2017;6:39:53;6;8
479;147.27;2:56:43;14.78;17-03-2018;11:21:24;10;5
480;136.67;2:44:00;10.32;03-04-2019;7:50:50;7;7
481;53.91;1:04:41;14.35;15-09-2016;6:30:43;8;1
482;126.76;2:32:06;10.43;15-09-2016;10:10:26;8;2
483;147.14;2:56:34;11.89;26-09-2016;10:2:18;4;7
484;135.88;2:43:03;12.6;31-12-2019;9:18:40;4;2
485;130.56;2:36:40;13.39;19-03-2019;7:52:1;4;7
486;59.92;1:11:54;14.17;20-12-2019;10:55:54;0;1
487;135.3;2:42:21;14.88;10-11-2016;6:58:28;9;5
488;58.15;1:09:46;13.61;13-09-2017;7:0:18;4;7
489;56.48;1:07:46;12.27;25-10-2016;6:40:34;8;5
490;133.42;2:40:06;12.82;29-03-2016;6:1:27;5;2
491;146.73;2:56:04;13.1;14-03-2017;9:8:48;3;6
492;81.76;1:38:06;10.28;17-10-2018;6:0:6;7;6
493;115.16;2:18:11;11.6;15-11-2017;9:50:43;1;1
494;66.91;1:20:17;12.6;29-06-2017;8:37:8;1;8
495;61.4;1:13:40;12.32;14-08-2018;7:41:19;0;6
496;78.68;1:34:24;11.9;20-02-2018;6:15:42;5;7
497;100.23;2:00:16;10.24;11-12-2019;11:17:29;4;0
498;126.66;2:31:59;11.79;29-04-2019;10:7:55;3;9
499;61.58;1:13:53;14.28;09-05-2017;7:43:18;6;9
500;144.99;2:53:59;13.03;16-02-2018;8:56:25;4;4
501;82.11;1:38:31;13.14;30-09-2019;12:20:57;10;7
502;116.67;2:20:00;14.16;21-11-2018;8:26:22;4;7
503;70.48;1:24:34;13.86;28-02-2017;6:47:58;4;6
504;91.09;1:49:18;13.42;13-07-2017;12:4:22;0;4
505;116.22;2:19:27;14.85;16-02-2019;7:30:6;6;7
506;102.46;2:02:57;10.71;12-01-2019;12:58:19;2;6
507;73.75;1:28:30;11.96;15-05-2019;7:27:5;9;3
508;119.85;2:23:49;11.33;23-06-2016;7:33:39;1;6
509;124.16;2:28:59;13.97;25-01-2018;9:9:39;8;5
510;85.1;1:42:07;10.39;27-09-2017;11:40:35;1;3
511;127.1;2:32:31;10.39;01-10-2016;11:36:57;6;4
512;102.68;2:03:12;10.08;16-09-2018;11:31:38;7;1
513;138.05;2:45:39;13.97;28-05-2019;9:13:58;8;2
514;148.04;2:57:38;13.91;27-05-2017;8:9:28;2;8
515;135.81;2:42:58;10.55;12-10-2019;9:23:49;9;3
516;78.36;1:34:01;13.02;18-06-2016;12:50:2;6;0
517;66.17;1:19:24;13.34;25-08-2019;7:32:38;0;1
518;73.1;1:27:43;14.79;30-09-2017;9:6:15;6;3
519;83.67;1:40:24;10.19;23-06-2019;7:58:57;9;1
520;75.98;1:31:10;13.28;28-01-2019;6:28:16;6;8
521;75.06;1:30:04;11.69;22-03-2019;6:51:24;2;4
522;68.88;1:22:39;12.79;22-11-2017;7:56:23;2;8
523;126.86;2:32:13;11.1;14-09-2016;8:6:11;0;2
524;76.36;1:31:37;12.89;25-01-2016;8:41:17;2;10
525;71.4;1:25:40;14.1;04-11-2019;9:19:0;2;10
526;55.13;1:06:09;12.04;27-04-2016;7:17:26;4;7
527;111.29;2:13:32;11.78;06-12-2018;9:15:47;9;3
528;107.38;2:08:51;11.53;14-04-2016;8:20:5;6;1
529;109.38;2:11:15;10.43;08-03-2018;6:39:8;0;7
530;60.59;1:12:42;14.64;29-10-2018;12:13:25;8;6
531;72.33;1:26:47;10.58;20-12-2018;9:22:16;4;4
532;87.92;1:45:30;14.39;26-03-2018;10:20:52;10;7
533;51.24;1:01:29;10.73;02-08-2019;12:58:38;2;3
534;84.19;1:41:01;12.02;03-12-2017;12:32:20;7;8
535;127.96;2:33:33;10.74;29-10-2016;12:54:48;0;7
536;120.83;2:24:59;11.22;03-02-2017;10:28:29;9;1
537;139.14;2:46:58;13.05;03-10-2018;12:1:7;9;6
538;86.08;1:43:17;10.22;27-06-2019;12:2:27;3;5
539;112.29;2:14:44;12.0;19-07-2019;7:43:55;2;2
540;53.82;1:04:35;13.13;18-12-2017;9:6:6;10;10
541;122.87;2:27:26;14.59;01-03-2016;11:42:27;6;9
542;94.0;1:52:48;12.9;19-12-2017;7:50:13;4;3
543;105.9;2:07:04;11.67;01-03-2017;12:21:17;1;5
544;51.35;1:01:37;13.11;10-03-2016;11:23:1;3;10
545;141.13;2:49:21;13.76;06-08-2017;6:57:3;0;10
546;106.69;2:08:01;13.36;31-10-2017;8:31:20;2;3
547;128.65;2:34:22;13.69;09-09-2016;6:37:43;2;4
548;107.62;2:09:08;14.46;30-10-2019;7:19:47;9;8
549;143.29;2:51:56;11.08;16-12-2017;8:39:50;4;8
550;70.0;1:24:00;14.15;30-04-2016;10:45:34;0;3
551;98.61;1:58:19;12.91;25-01-2018;8:46:51;2;8
552;117.56;2:21:04;13.78;10-09-2018;9:40:9;0;6
553;146.2;2:55:26;13.21;03-08-2019;6:47:26;1;3
554;74.54;1:29:26;14.06;20-08-2016;11:20:43;4;7
555;122.42;2:26:54;12.3;22-04-2017;9:34:30;10;7
556;66.16;1:19:23;14.2;02-10-2018;12:40:53;10;8
557;99.87;1:59:50;13.38;18-07-2018;12:41:44;4;8
558;130.71;2:36:51;14.76;15-06-2018;11:36:52;4;8
559;56.71;1:08:03;12.26;30-11-2016;9:44:7;1;10
560;113.33;2:15:59;10.87;13-11-2016;9:7:49;6;3
561;73.58;1:28:17;13.63;01-08-2019;10:47:43;0;6
562;50.22;1:00:15;11.84;17-03-2019;9:59:11;7;10
563;125.7;2:30:50;12.22;11-06-2016;10:4:41;0;9
564;101.68;2:02:00;10.62;01-09-2018;8:43:7;7;6
565;76.93;1:32:18;14.01;06-04-2016;9:3:16;8;0
566;96.56;1:55:52;10.2;11-04-2017;9:2:29;8;2
567;136.22;2:43:27;10.27;10-09-2019;7:1:31;1;3
568;50.52;1:00:37;12.1;07-08-2018;11:51:28;5;4
569;146.33;2:55:35;12.65;26-10-2018;12:44:11;5;4
570;65.15;1:18:10;14.85;25-02-2016;8:54:18;9;1
571;66.23;1:19:28;14.99;20-09-2017;11:51:24;2;5
572;90.76;1:48:54;10.45;21-08-2019;6:33:27;10;9
573;61.46;1:13:45;13.54;10-09-2019;10:42:44;3;1
574;117.17;2:20:36;11.58;12-08-2018;12:6:24;10;4
575;85.39;1:42:28;10.19;23-03-2018;9:38:32;1;8
576;73.64;1:28:22;13.34;08-10-2018;10:35:9;1;7
577;112.16;2:14:35;11.75;24-02-2018;7:52:45;9;0
578;92.02;1:50:25;13.6;16-02-2017;8:34:26;3;5
579;128.4;2:34:04;10.67;09-09-2017;8:16:50;3;8
580;125.06;2:30:04;10.18;01-07-2016;7:13:39;7;8
581;78.63;1:34:21;14.81;27-10-2017;11:18:52;3;3
582;57.97;1:09:33;13.62;04-11-2016;12:48:8;10;7
583;51.08;1:01:17;11.05;20-01-2018;11:42:3;9;10
584;87.88;1:45:27;11.14;27-05-2018;8:18:19;10;10
585;115.14;2:18:10;15.0;16-02-2018;7:20:38;9;10
586;101.3;2:01:33;12.73;07-07-2019;8:33:48;9;10
587;136.26;2:43:30;13.93;28-05-2018;10:56:41;4;7
588;136.35;2:43:37;14.26;13-05-2017;8:5:0;1;6
589;114.8;2:17:45;13.28;16-09-2016;10:49:31;9;0
590;143.72;2:52:27;11.04;09-11-2019;6:48:42;6;8
591;53.88;1:04:39;12.39;11-09-2019;11:27:42;1;7
592;137.83;2:45:23;12.14;28-10-2016;6:5:13;6;8
593;109.65;2:11:34;11.49;18-10-2017;8:26:0;0;10
594;77.93;1:33:30;12.3;08-04-2017;7:32:20;4;1
595;140.0;2:48:00;10.18;01-02-2017;9:35:44;10;4
596;57.77;1:09:19;12.15;23-04-2018;6:0:23;3;0
597;62.71;1:15:15;14.37;31-07-2019;10:57:51;8;3
598;124.91;2:29:53;10.94;11-01-2016;12:53:19;8;7
599;88.19;1:45:49;13.48;26-10-2018;8:10:44;7;4
600;106.36;2:07:37;11.92;01-01-2017;6:50:37;3;4
601;81.61;1:37:55;12.53;01-09-2019;8:44:46;4;7
602;103.07;2:03:41;10.71;19-01-2019;11:53:10;0;0
603;131.28;2:37:32;13.73;04-05-2016;12:0:6;9;9
604;66.67;1:20:00;11.98;09-09-2017;9:6:42;8;3
605;95.14;1:54:10;14.26;06-12-2019;10:41:36;7;2
606;90.91;1:49:05;14.31;18-08-2016;11:15:39;1;3
607;101.19;2:01:25;10.27;16-10-2017;10:2:18;4;7
608;68.92;1:22:42;11.67;30-05-2019;7:44:47;9;9
609;112.0;2:14:24;12.4;27-07-2019;10:35:47;5;3
610;99.11;1:58:55;13.4;01-12-2016;12:11:41;8;8
611;53.3;1:03:57;14.96;24-03-2018;10:43:18;2;7
612;145.87;2:55:02;12.55;07-01-2017;8:59:1;6;9
613;93.88;1:52:39;14.53;27-08-2018;6:46:31;4;2
614;65.93;1:19:06;12.32;31-05-2018;8:16:48;5;1
615;107.48;2:08:58;13.34;18-11-2019;12:21:1;1;4
616;61.63;1:13:57;13.22;26-08-2018;8:58:1;9;4
617;137.81;2:45:22;12.32;28-05-2019;8:35:37;0;3
618;66.73;1:20:04;13.69;09-01-2017;10:31:23;7;7
619;109.73;2:11:40;14.73;24-08-2018;9:10:47;0;7
620;107.45;2:08:56;13.77;12-03-2018;10:55:2;9;10
621;87.65;1:45:10;11.95;06-04-2016;9:38:57;3;1
622;149.44;2:59:19;14.67;04-12-2018;8:42:58;7;4
623;119.58;2:23:29;11.61;05-10-2016;12:10:31;6;5
624;138.02;2:45:37;13.99;06-05-2017;12:4:57;8;0
625;116.11;2:19:19;10.65;06-07-2018;12:59:54;8;9
626;124.29;2:29:08;13.2;09-12-2017;6:58:8;5;6
627;94.21;1:53:03;13.5;08-12-2017;7:45:29;2;3
628;132.59;2:39:06;13.96;14-09-2017;8:0:9;0;4
629;55.03;1:06:02;13.83;20-11-2017;9:23:17;2;9
630;127.31;2:32:46;10.84;27-07-2017;12:56:13;6;8
631;87.07;1:44:29;10.57;11-02-2018;11:29:24;9;10
632;102.77;2:03:19;10.46;30-07-2016;11:51:9;7;10
633;132.41;2:38:53;14.34;27-02-2017;12:34:3;7;1
634;109.07;2:10:53;11.74;15-02-2017;8:32:23;8;9
635;91.86;1:50:13;10.78;22-10-2016;11:27:44;3;10
636;105.09;2:06:06;13.49;01-05-2017;10:3:42;8;8
637;145.85;2:55:01;13.55;23-01-2019;12:58:55;3;8
638;62.6;1:15:07;12.93;28-01-2019;9:24:23;8;2
639;115.4;2:18:28;10.28;30-11-2019;12:50:9;5;5
640;64.12;1:16:56;12.55;16-09-2019;11:51:31;2;7
641;144.08;2:52:53;14.01;27-06-2018;12:14:53;9;4
642;74.94;1:29:55;14.13;19-12-2016;6:56:46;2;0
643;56.18;1:07:24;12.92;06-10-2016;10:46:37;6;9
644;140.47;2:48:33;13.55;14-08-2017;11:54:55;0;4
645;127.21;2:32:39;13.63;19-10-2018;12:50:15;1;6
646;106.98;2:08:22;11.57;28-01-2019;7:24:31;4;8
647;77.21;1:32:39;14.55;28-02-2017;6:38:24;9;2
648;121.15;2:25:22;11.61;05-11-2018;6:38:15;2;6
649;97.75;1:57:18;13.63;11-11-2018;10:3:11;9;4
650;67.94;1:21:31;11.0;16-09-2017;6:33:4;9;6
651;131.21;2:37:27;13.34;18-06-2018;7:38:24;3;0
652;89.37;1:47:14;13.07;02-06-2018;12:27:20;8;9
653;107.35;2:08:49;12.59;21-08-2019;11:35:10;1;0
654;69.61;1:23:31;14.78;22-02-2018;12:27:4;2;8
655;129.07;2:34:53;11.55;03-08-2019;12:27:15;2;5
656;57.58;1:09:05;11.55;21-01-2018;9:29:14;10;2
657;63.01;1:15:36;10.23;27-12-2019;7:11:34;3;2
658;119.53;2:23:26;11.76;15-02-2019;8:19:32;5;5
659;66.8;1:20:09;12.73;06-06-2019;8:0:39;4;5
660;70.54;1:24:38;10.4;25-06-2017;8:56:39;4;4
661;114.04;2:16:50;13.4;04-12-2017;6:5:34;8;4
662;78.42;1:34:06;13.49;25-01-2019;6:42:38;0;1
663;138.16;2:45:47;12.44;23-06-2019;6:9:36;4;0
664;125.95;2:31:08;11.05;03-05-2018;11:55:40;8;7
665;94.57;1:53:29;12.34;03-04-2018;9:52:16;8;7
666;76.21;1:31:27;13.77;04-06-2018;7:35:29;6;1
667;102.0;2:02:24;10.83;26-01-2016;10:9:26;5;7
668;71.33;1:25:35;13.44;03-01-2016;9:47:41;3;6
669;71.28;1:25:32;10.6;20-07-2019;12:2:23;5;8
670;130.07;2:36:05;10.11;27-02-2019;9:6:38;2;9
671;53.8;1:04:33;13.61;26-12-2016;7:26:30;1;9
672;125.9;2:31:04;11.83;06-06-2018;9:41:21;0;8
673;120.56;2:24:40;11.32;30-01-2018;8:28:41;0;1
674;71.62;1:25:56;11.18;09-06-2019;7:31:58;0;1
675;102.04;2:02:26;13.65;24-12-2018;7:40:38;7;7
676;132.54;2:39:02;13.63;07-01-2018;9:25:52;3;1
677;84.3;1:41:09;10.44;06-02-2019;6:6:23;4;6
678;60.89;1:13:04;11.93;06-01-2016;7:49:7;2;5
679;118.54;2:22:14;10.23;27-08-2018;12:11:18;8;5
680;102.51;2:03:00;13.84;02-02-2016;6:55:29;3;9
681;143.17;2:51:48;11.95;22-10-2018;9:57:14;10;4
682;52.95;1:03:32;13.91;17-04-2016;6:47:17;9;1
683;141.77;2:50:07;10.42;23-10-2019;11:31:46;4;10
684;130.82;2:36:59;12.77;11-08-2017;8:24:19;1;1
685;142.85;2:51:25;13.53;03-06-2018;12:53:54;7;10
686;116.5;2:19:48;11.2;06-12-2019;10:53:16;2;7
687;134.65;2:41:34;10.13;06-04-2018;8:52:12;2;9
688;52.87;1:03:26;11.35;06-12-2017;10:51:47;1;10
689;102.75;2:03:18;11.56;23-10-2019;6:44:23;8;10
690;138.9;2:46:40;12.06;06-03-2018;8:55:13;7;7
691;140.01;2:48:00;13.3;25-02-2019;11:6:23;3;4
692;107.9;2:09:28;13.75;24-02-2017;12:32:42;5;5
693;107.74;2:09:17;11.21;14-05-2018;6:33:52;10;6
694;85.88;1:43:03;11.14;16-09-2018;10:59:34;8;10
695;52.58;1:03:05;13.21;07-04-2016;11:38:34;7;6
696;97.63;1:57:09;13.51;15-10-2018;11:41:45;1;7
697;126.31;2:31:34;11.02;19-06-2016;12:39:26;7;3
698;85.35;1:42:25;11.23;02-02-2019;12:48:5;9;6
699;132.59;2:39:06;14.19;27-02-2017;11:57:23;10;1
700;111.22;2:13:27;12.91;05-05-2019;9:11:17;7;5
701;80.75;1:36:54;14.42;23-08-2019;9:21:23;10;2
702;110.54;2:12:38;10.09;10-11-2018;8:44:38;7;1
703;129.77;2:35:43;13.07;18-08-2018;6:18:36;0;2
704;52.45;1:02:56;14.06;05-09-2017;6:33:27;8;2
705;112.68;2:15:12;10.46;19-04-2018;10:36:14;10;4
706;125.74;2:30:53;11.55;07-06-2019;10:59:44;10;4
707;65.09;1:18:06;12.01;12-07-2017;12:13:40;2;0
708;55.51;1:06:36;11.97;29-06-2018;11:55:45;7;8
709;115.6;2:18:43;13.83;19-06-2017;11:57:56;7;5
710;142.16;2:50:35;11.0;10-11-2018;10:29:21;3;9
711;87.0;1:44:24;12.13;21-02-2018;8:50:2;2;6
712;110.53;2:12:38;10.0;24-08-2017;10:47:45;4;8
713;139.32;2:47:11;13.19;23-10-2017;12:55:12;6;8
714;111.57;2:13:53;12.55;14-03-2018;10:59:59;10;9
715;67.29;1:20:44;13.26;13-02-2016;10:50:11;4;0
716;114.79;2:17:44;11.77;16-08-2017;12:48:23;6;9
717;129.17;2:35:00;13.77;29-12-2017;6:1:28;3;1
718;119.87;2:23:50;10.92;09-01-2019;9:27:29;10;9
719;124.81;2:29:46;13.89;11-02-2016;10:7:1;8;9
720;112.85;2:15:25;11.21;23-10-2018;12:16:16;0;1
721;139.35;2:47:13;11.79;22-02-2016;11:49:51;8;10
722;86.71;1:44:03;14.41;29-03-2018;10:9:26;8;5
723;137.05;2:44:27;11.51;14-08-2018;12:17:13;5;2
724;142.45;2:50:56;11.83;09-08-2016;10:24:40;3;5
725;112.75;2:15:18;13.24;17-04-2016;11:52:26;7;5
726;93.73;1:52:28;12.15;07-04-2018;12:40:25;2;6
727;74.08;1:28:53;10.68;25-02-2016;11:27:46;2;1
728;71.73;1:26:04;14.52;09-03-2016;8:57:33;3;6
729;68.3;1:21:57;13.01;17-02-2017;6:44:0;7;9
730;107.47;2:08:57;13.78;25-11-2016;9:40:0;8;10
731;95.94;1:55:07;11.1;04-02-2019;12:17:36;5;5
732;83.9;1:40:40;10.79;07-12-2018;10:49:0;3;5
733;50.07;1:00:05;11.56;25-12-2019;8:7:38;8;2
734;52.91;1:03:29;13.24;20-12-2017;12:17:27;1;2
735;102.27;2:02:43;11.22;14-02-2019;8:21:22;9;0
736;128.69;2:34:25;14.36;19-05-2016;10:6:33;6;0
737;53.55;1:04:15;11.74;04-04-2019;6:15:40;0;2
738;71.86;1:26:13;13.02;20-03-2016;6:22:18;2;6
739;64.31;1:17:10;12.67;26-12-2019;12:47:3;8;10
740;93.43;1:52:06;13.06;17-07-2019;9:25:1;0;5
741;78.01;1:33:36;14.05;19-11-2019;12:56:3;3;3
742;66.0;1:19:12;11.86;17-03-2019;10:22:57;10;1
743;134.21;2:41:03;10.39;14-08-2017;11:33:30;0;2
744;100.4;2:00:28;12.21;24-02-2018;9:56:8;5;3
745;64.97;1:17:57;12.63;18-09-2016;12:56:47;6;3
746;140.34;2:48:24;14.55;23-09-2016;9:46:18;10;6
747;52.56;1:03:04;10.64;27-01-2018;6:25:40;4;5
748;107.89;2:09:28;14.96;06-11-2018;6:35:3;0;10
749;149.23;2:59:04;13.97;06-09-2017;7:30:4;5;4
750;94.37;1:53:14;14.42;20-12-2019;10:41:55;2;4
751;118.57;2:22:17;11.92;04-02-2019;9:11:45;3;1
752;124.13;2:28:57;10.72;15-04-2017;12:59:48;6;0
753;111.34;2:13:36;12.46;19-03-2017;10:10:4;9;0
754;115.73;2:18:52;10.84;13-11-2017;9:29:32;5;9
755;82.49;1:38:59;10.37;26-12-2019;8:17:26;9;0
756;143.02;2:51:37;12.06;11-12-2018;8:5:7;0;5
757;128.12;2:33:44;14.88;15-11-2018;9:6:53;7;2
758;75.75;1:30:54;10.71;25-09-2017;7:22:43;0;4
759;80.41;1:36:29;11.52;16-04-2019;6:43:56;5;8
760;125.24;2:30:17;11.63;07-11-2017;11:19:41;1;8
761;128.71;2:34:27;14.46;14-08-2017;9:12:46;7;2
762;149.79;2:59:44;13.97;08-07-2016;6:40:27;8;7
763;99.52;1:59:25;10.42;13-05-2017;11:55:7;4;10
764;89.49;1:47:23;12.11;01-05-2019;7:10:20;5;7
765;51.46;1:01:45;10.05;02-03-2018;11:20:45;2;0
766;145.46;2:54:33;11.57;07-05-2016;11:58:34;10;2
767;103.75;2:04:30;12.67;21-02-2019;8:6:55;4;1
768;131.9;2:38:16;12.65;10-07-2019;6:53:37;4;8
769;96.17;1:55:24;13.12;28-06-2017;8:9:12;2;4
770;60.8;1:12:57;10.87;13-07-2016;9:23:2;6;9
771;124.45;2:29:20;10.65;08-12-2018;11:9:40;8;2
772;110.34;2:12:24;14.18;13-12-2019;12:15:15;4;4
773;81.12;1:37:20;12.29;06-06-2019;6:37:0;3;7
774;93.1;1:51:43;12.3;03-08-2018;9:37:22;6;10
775;104.27;2:05:07;11.69;24-11-2018;9:11:52;6;5
776;100.4;2:00:28;14.18;08-02-2016;10:6:56;0;1
777;94.94;1:53:55;10.81;13-01-2019;6:44:37;6;10
778;130.16;2:36:11;13.07;15-09-2016;9:20:20;5;9
779;114.61;2:17:31;11.49;17-07-2019;7:12:42;0;4
780;134.25;2:41:06;10.8;14-10-2019;10:15:46;6;0
781;113.88;2:16:39;14.12;27-09-2019;8:1:30;8;9
782;54.0;1:04:48;14.32;13-11-2018;7:38:3;3;4
783;89.44;1:47:19;12.02;20-11-2016;6:50:49;8;10
784;62.69;1:15:13;12.39;09-05-2017;11:29:8;0;8
785;133.01;2:39:36;10.41;23-12-2016;11:44:0;5;7
786;116.89;2:20:16;12.57;02-12-2016;12:25:28;7;1
787;52.35;1:02:49;13.5;26-08-2016;9:43:56;8;0
788;144.51;2:53:24;11.84;11-02-2016;6:7:32;7;1
789;79.76;1:35:42;12.1;22-04-2016;9:0:12;6;2
790;75.1;1:30:07;12.37;23-06-2016;11:52:33;10;6
791;85.01;1:42:00;11.55;20-06-2019;9:29:57;6;10
792;99.15;1:58:58;13.03;11-11-2016;10:32:7;1;5
793;61.94;1:14:19;11.39;15-05-2017;6:38:32;9;2
794;78.34;1:34:00;12.55;12-10-2016;8:36:23;0;10
795;146.82;2:56:11;14.44;28-01-2019;7:28:49;8;6
796;143.54;2:52:14;11.26;14-03-2018;11:55:27;7;2
797;149.31;2:59:10;13.05;08-10-2018;6:53:29;0;1
798;54.44;1:05:19;10.12;29-07-2019;12:55:1;0;10
799;63.42;1:16:06;11.6;02-12-2019;6:29:2;6;5
800;77.96;1:33:33;12.66;04-08-2016;8:32:2;3;10
801;123.14;2:27:46;12.5;27-12-2017;6:48:12;2;5
802;63.21;1:15:51;12.02;01-05-2019;8:18:47;3;1
803;52.12;1:02:32;10.43;14-10-2017;10:21:8;7;10
804;141.52;2:49:49;13.21;06-04-2017;6:22:57;5;1
805;124.64;2:29:34;13.83;19-12-2016;10:11:46;8;1
806;83.69;1:40:25;13.0;27-05-2018;9:46:17;6;6
807;144.55;2:53:27;12.91;22-11-2017;9:51:52;5;10
808;129.76;2:35:42;10.05;23-12-2019;6:7:46;4;8
809;130.29;2:36:20;13.26;05-02-2018;11:40:53;0;6
810;110.52;2:12:37;14.86;18-07-2016;12:21:45;10;4
811;138.82;2:46:35;11.68;24-02-2019;6:59:31;1;6
812;65.26;1:18:18;11.4;13-01-2016;9:11:53;5;2
813;109.0;2:10:48;12.98;03-09-2019;10:35:24;2;9
814;70.84;1:25:00;10.3;01-02-2017;8:13:0;6;5
815;136.93;2:44:18;10.86;27-08-2018;8:52:36;1;0
816;113.89;2:16:40;14.85;23-02-2019;9:37:14;10;9
817;80.84;1:37:00;12.47;13-09-2019;9:45:36;0;7
818;119.34;2:23:12;11.2;23-02-2018;11:7:20;9;7
819;95.25;1:54:18;11.6;26-09-2018;12:56:20;10;6
820;144.0;2:52:48;13.75;13-09-2016;12:50:1;5;2
821;102.06;2:02:28;11.7;15-06-2016;12:0:48;6;2
822;126.92;2:32:18;10.6;01-02-2018;7:36:21;0;4
823;123.36;2:28:01;12.87;19-09-2019;11:57:37;0;5
824;57.28;1:08:44;10.05;30-07-2018;9:26:6;4;6
825;138.01;2:45:36;12.41;02-10-2019;6:11:36;7;5
826;102.33;2:02:47;12.68;24-11-2017;12:34:51;2;4
827;60.08;1:12:05;13.48;03-06-2018;10:9:42;10;8
828;51.29;1:01:32;10.55;07-11-2017;6:37:20;9;10
829;81.04;1:37:14;10.07;03-10-2016;11:8:27;8;4
830;110.5;2:12:36;13.0;27-05-2017;8:0:11;4;3
831;63.57;1:16:17;14.78;17-05-2016;7:42:38;9;7
832;144.49;2:53:23;13.78;10-01-2016;11:28:56;8;1
833;129.23;2:35:04;11.9;20-08-2019;12:10:54;3;5
834;57.67;1:09:12;11.66;10-04-2018;12:39:54;2;10
835;65.69;1:18:49;12.58;13-01-2018;7:26:43;8;1
836;55.43;1:06:30;11.74;16-03-2018;6:9:51;9;7
837;70.16;1:24:11;11.72;19-08-2016;10:19:39;5;8
838;58.5;1:10:12;13.06;18-03-2018;6:24:48;2;3
839;111.38;2:13:39;13.22;13-04-2019;10:13:53;6;7
840;135.52;2:42:37;12.5;08-11-2019;7:4:36;1;4
841;114.06;2:16:52;13.27;08-08-2016;7:56:40;7;4
842;57.12;1:08:32;12.94;08-02-2017;9:53:28;2;4
843;146.99;2:56:23;10.61;30-04-2016;6:18:2;10;1
844;97.29;1:56:44;12.82;28-02-2016;6:6:41;9;2
845;97.01;1:56:24;13.09;01-01-2019;6:49:51;6;9
846;125.95;2:31:08;14.17;20-03-2019;7:1:44;0;2
847;55.76;1:06:54;12.76;01-05-2019;10:19:52;10;5
848;50.97;1:01:09;10.26;28-11-2016;8:32:57;3;6
849;90.72;1:48:51;11.13;01-08-2017;8:29:57;5;10
850;90.66;1:48:47;11.0;15-07-2018;8:57:51;3;0
851;86.44;1:43:43;10.92;01-11-2016;8:49:14;8;2
852;57.72;1:09:15;14.43;11-05-2019;6:23:38;10;1
853;126.23;2:31:28;12.53;23-06-2018;7:30:39;2;5
854;90.19;1:48:13;10.5;22-03-2019;7:20:18;4;9
855;64.34;1:17:12;10.65;07-01-2018;6:34:35;3;4
856;64.67;1:17:36;10.07;09-05-2019;6:14:52;0;2
857;84.5;1:41:24;13.71;20-02-2017;9:27:47;3;10
858;112.11;2:14:31;10.2;23-06-2019;12:40:4;5;5
859;91.11;1:49:19;14.35;31-07-2016;9:0:4;3;0
860;140.43;2:48:30;14.26;11-01-2018;9:15:57;4;9
861;135.49;2:42:35;10.76;01-05-2016;12:10:18;4;10
862;114.64;2:17:34;12.62;04-10-2017;10:38:52;1;7
863;76.71;1:32:03;10.22;29-06-2018;10:49:40;0;4
864;138.21;2:45:51;13.9;11-11-2016;9:44:51;5;0
865;135.81;2:42:58;14.45;04-01-2019;7:25:31;3;5
866;54.23;1:05:04;13.93;07-05-2016;9:26:53;3;2
867;93.31;1:51:58;10.59;18-08-2019;9:57:28;7;3
868;123.31;2:27:58;13.3;18-05-2019;6:35:27;0;7
869;90.72;1:48:51;12.34;10-12-2019;7:49:20;4;4
870;79.0;1:34:48;10.5;27-02-2018;7:49:7;0;1
871;90.18;1:48:12;10.33;24-01-2018;9:8:54;8;4
872;97.37;1:56:50;12.02;25-10-2019;10:24:9;5;10
873;125.12;2:30:08;11.75;17-07-2018;10:18:49;8;4
874;96.19;1:55:25;14.79;12-11-2017;6:31:20;0;0
875;115.84;2:19:00;11.88;25-01-2017;12:51:5;2;9
876;121.51;2:25:48;11.92;14-05-2019;7:34:56;4;5
877;122.14;2:26:34;11.24;16-03-2016;9:25:58;4;3
878;131.86;2:38:13;14.08;06-07-2017;7:45:1;7;9
879;115.98;2:19:10;10.56;24-12-2019;9:20:3;2;9
880;136.48;2:43:46;11.08;31-03-2016;6:38:35;10;3
881;54.28;1:05:08;13.67;10-05-2019;8:57:43;5;2
882;143.37;2:52:02;10.43;02-12-2018;9:3:54;4;7
883;81.75;1:38:06;13.39;08-06-2018;10:45:26;2;1
884;64.04;1:16:50;10.24;03-12-2017;12:31:40;1;4
885;68.99;1:22:47;12.97;18-09-2018;6:43:36;0;2
886;124.82;2:29:47;11.75;06-06-2018;7:13:16;10;5
887;148.47;2:58:09;13.69;15-07-2016;9:58:4;9;7
888;62.78;1:15:20;12.01;28-09-2016;7:11:41;1;10
889;115.6;2:18:43;13.89;23-07-2016;10:59:8;4;10
890;115.65;2:18:46;11.91;03-08-2017;9:19:14;7;9
891;128.59;2:34:18;14.86;29-06-2018;9:7:8;7;10
892;115.21;2:18:15;14.9;21-07-2019;7:15:19;7;9
893;83.3;1:39:57;11.97;17-05-2017;7:52:53;9;6
894;96.89;1:56:16;10.31;07-04-2019;6:50:32;2;4
895;136.0;2:43:12;11.68;13-04-2019;12:55:42;7;2
896;53.65;1:04:22;10.41;05-04-2016;8:6:38;4;7
897;143.55;2:52:15;11.27;23-06-2016;12:39:39;1;8
898;143.42;2:52:06;14.73;01-05-2018;6:8:6;8;6
899;97.22;1:56:39;14.92;28-02-2019;8:29:7;10;6
900;84.32;1:41:11;10.62;26-02-2019;12:17:32;1;8
901;50.94;1:01:07;13.62;11-11-2016;10:50:50;5;1
902;71.34;1:25:36;13.45;18-08-2016;9:20:15;5;3
903;74.97;1:29:57;11.61;08-11-2018;8:3:58;1;9
904;71.37;1:25:38;10.31;31-08-2016;11:16:22;3;8
905;136.64;2:43:58;14.39;24-12-2018;11:29:28;2;0
906;56.59;1:07:54;13.86;20-12-2016;7:14:7;6;8
907;66.73;1:20:04;14.22;08-08-2017;6:47:19;2;10
908;108.69;2:10:25;11.82;20-02-2017;8:4:34;2;5
909;119.39;2:23:16;12.33;19-11-2019;8:38:14;10;1
910;92.66;1:51:11;11.93;10-05-2018;12:44:0;10;10
911;62.74;1:15:17;12.94;15-06-2016;9:5:54;0;9
912;123.62;2:28:20;11.14;23-11-2018;6:51:5;10;10
913;107.06;2:08:28;12.65;19-10-2018;7:8:16;5;4
914;93.06;1:51:40;14.05;24-04-2017;7:4:13;2;4
915;85.05;1:42:03;13.19;30-10-2016;12:42:16;1;10
916;115.63;2:18:45;14.66;05-10-2017;7:38:30;4;9
917;66.51;1:19:48;11.26;25-07-2019;12:26:12;5;0
918;136.14;2:43:22;12.15;14-01-2017;10:18:20;9;5
919;141.66;2:49:59;14.54;05-07-2018;6:54:32;9;4
920;81.17;1:37:24;14.73;20-01-2019;10:8:52;6;0
921;111.57;2:13:53;14.54;28-10-2016;11:3:0;7;5
922;81.18;1:37:24;12.75;20-07-2018;10:52:43;8;2
923;53.61;1:04:19;11.4;08-11-2019;8:24:22;9;8
924;97.87;1:57:26;12.67;13-12-2017;7:54:45;9;8
925;66.31;1:19:34;13.02;02-01-2016;7:9:36;7;7
926;128.45;2:34:08;14.94;30-03-2018;7:29:22;10;6
927;102.69;2:03:13;14.65;02-02-2016;12:41:6;7;4
928;93.67;1:52:24;10.04;21-08-2017;8:5:26;2;3
929;76.65;1:31:58;13.71;13-02-2019;6:34:58;4;10
930;78.08;1:33:41;14.38;16-10-2017;10:7:22;9;9
931;124.4;2:29:16;10.7;23-02-2019;10:43:24;7;7
932;131.76;2:38:06;12.7;16-09-2016;11:54:8;10;0
933;113.3;2:15:57;12.02;17-02-2017;11:33:29;3;8
934;128.41;2:34:05;12.55;17-03-2018;11:51:19;10;6
935;61.27;1:13:31;12.92;02-05-2018;6:5:39;3;9
936;125.07;2:30:05;12.67;23-07-2018;6:3:57;0;6
937;87.22;1:44:39;10.28;04-08-2018;6:19:9;4;10
938;118.09;2:21:42;10.3;30-07-2017;8:19:50;4;9
939;139.23;2:47:04;10.25;29-03-2016;9:55:45;2;1
940;102.83;2:03:23;11.78;24-07-2016;12:6:9;3;3
941;142.95;2:51:32;14.08;17-12-2019;11:7:15;5;1
942;91.15;1:49:22;14.5;13-12-2019;7:14:10;5;8
943;136.77;2:44:07;11.0;30-08-2019;10:58:43;0;9
944;51.79;1:02:08;11.87;15-07-2017;11:38:42;0;7
945;135.85;2:43:01;13.4;27-07-2017;11:16:47;7;9
946;103.7;2:04:26;13.35;03-03-2016;9:41:28;8;7
947;108.2;2:09:50;10.55;27-04-2016;10:17:25;0;0
948;54.2;1:05:02;10.53;13-02-2018;9:58:5;7;5
949;52.41;1:02:53;13.16;11-01-2019;7:32:56;10;6
950;136.67;2:44:00;11.6;14-11-2018;7:42:37;6;9
951;111.01;2:13:12;12.67;06-11-2016;8:42:58;5;5
952;61.85;1:14:13;12.16;18-08-2018;10:2:8;2;6
953;144.88;2:53:51;11.0;24-05-2019;10:40:55;0;0
954;129.01;2:34:48;12.46;25-09-2018;8:10:2;8;0
955;112.09;2:14:30;11.24;22-06-2017;8:37:53;1;6
956;140.19;2:48:13;11.51;12-01-2016;7:58:28;9;2
957;127.04;2:32:26;13.93;15-07-2019;8:0:4;3;2
958;126.35;2:31:37;13.24;12-10-2017;7:39:2;7;10
959;146.21;2:55:27;12.89;24-11-2017;12:58:10;5;3
960;79.57;1:35:29;14.6;16-05-2016;7:40:26;6;0
961;89.28;1:47:08;13.74;21-03-2016;7:31:35;6;7
962;78.2;1:33:50;11.15;12-12-2017;7:6:33;6;1
963;67.94;1:21:31;12.48;27-12-2016;7:47:13;9;2
964;132.24;2:38:41;10.71;07-12-2016;11:59:41;8;2
965;58.68;1:10:24;13.33;21-09-2017;11:2:59;9;8
966;87.89;1:45:28;13.78;11-04-2016;11:12:24;3;1
967;88.95;1:46:44;13.74;13-03-2018;11:29:48;1;10
968;104.52;2:05:25;13.39;02-05-2019;10:47:50;3;8
969;54.1;1:04:55;13.99;08-10-2019;7:19:31;1;2
970;116.46;2:19:45;12.3;26-03-2017;9:1:52;7;0
971;99.39;1:59:16;14.84;10-10-2016;7:42:42;7;6
972;98.84;1:58:36;14.34;16-10-2016;7:8:13;10;6
973;74.75;1:29:42;11.08;04-07-2016;8:20:11;9;9
974;62.51;1:15:00;10.68;22-06-2017;7:31:31;6;1
975;92.03;1:50:26;13.99;01-07-2019;7:33:42;9;6
976;114.14;2:16:58;10.51;17-07-2017;12:28:27;3;9
977;134.41;2:41:17;10.63;20-04-2019;10:35:24;1;7
978;115.15;2:18:10;14.77;18-05-2018;6:20:41;9;5
979;91.22;1:49:27;11.47;21-03-2016;7:27:31;10;5
980;120.98;2:25:10;14.5;20-10-2018;8:35:41;10;7
981;66.0;1:19:12;14.84;06-05-2016;8:57:20;7;3
982;136.92;2:44:18;13.34;17-11-2018;9:46:12;7;5
983;132.47;2:38:57;11.65;22-03-2016;6:50:23;3;5
984;52.44;1:02:55;13.84;18-08-2019;12:34:5;3;7
985;68.7;1:22:26;11.05;15-04-2019;8:12:55;1;2
986;126.46;2:31:45;13.73;21-10-2017;7:16:55;3;2
987;59.02;1:10:49;14.43;17-03-2018;6:57:5;5;2
988;133.09;2:39:42;13.1;20-01-2017;6:24:27;5;2
989;85.51;1:42:36;13.82;28-03-2016;12:35:53;2;1
990;132.04;2:38:26;10.46;26-03-2018;7:38:15;5;9
991;88.45;1:46:08;10.37;15-02-2018;12:22:12;6;9
992;115.57;2:18:41;12.58;09-06-2017;11:27:26;3;9
993;67.56;1:21:04;12.66;14-10-2018;12:0:16;8;4
994;121.48;2:25:46;10.44;13-04-2016;9:20:28;7;8
995;83.74;1:40:29;10.61;31-03-2016;9:10:17;8;7
996;140.16;2:48:11;12.54;15-02-2019;6:29:27;2;4
997;93.09;1:51:42;10.48;18-08-2017;7:27:22;3;2
998;123.8;2:28:33;12.82;16-08-2019;12:2:29;5;3
999;62.84;1:15:24;14.26;24-09-2018;10:37:16;7;5
1000;95.68;1:54:48;13.36;20-04-2016;12:56:37;9;1
