rental_id;start_station_fk;end_station_fk;cost;rent_time;distance;vehicle_fk;user_fk;correct_putting;date_of_start;time_of_start
1;28;68;215.8;166;3984;74;40;1;01-11-2017;19:29
2;8;67;710.4;98;14012;13;4;1;01-08-2018;23:12
3;24;30;98.7;32;1910;15;79;1;29-06-2016;03:18
4;63;21;696.45;127;13675;94;99;1;26-02-2018;17:19
5;55;68;262.4;29;5190;77;55;1;22-01-2017;01:25
6;93;98;429.05;133;8315;97;90;1;09-07-2019;12:44
7;73;82;214.75;82;4131;10;78;1;26-02-2018;03:33
8;82;85;672.4;114;13220;64;96;1;29-06-2017;22:04
9;42;96;488.35;174;9419;24;86;1;25-09-2018;11:42
10;26;92;203.2;66;3932;98;96;1;12-02-2016;20:02
11;23;86;403.6;16;8040;83;94;1;12-09-2016;19:44
12;24;99;608.85;106;11965;54;8;1;18-05-2016;03:16
13;27;18;100.0;152;1696;30;9;1;15-05-2018;06:22
14;91;76;71.65;89;1255;29;69;1;04-06-2017;04:28
15;9;22;520.95;175;10069;1;5;1;04-10-2019;16:43
16;34;71;24.75;126;243;66;68;1;15-12-2019;07:12
17;27;47;126.8;178;2180;76;13;1;17-08-2019;21:13
18;56;25;81.8;72;1492;96;58;1;18-07-2018;15:19
19;42;96;102.1;143;1756;17;19;1;03-09-2017;00:33
20;68;38;136.4;97;2534;7;7;1;16-07-2016;23:54
21;2;8;470.8;50;9316;73;4;1;07-02-2017;09:30
22;4;24;41.15;29;765;83;20;1;18-10-2017;01:32
23;87;100;47.2;129;686;73;82;1;19-04-2017;02:09
24;63;73;618.5;124;12122;44;2;1;05-10-2019;16:08
25;35;52;542.85;10;10837;6;77;1;11-10-2018;19:37
26;3;20;548.05;41;10879;68;6;1;06-08-2017;02:31
27;83;94;335.05;40;6621;84;85;1;12-11-2019;13:16
28;42;78;229.95;111;4377;61;67;1;22-06-2016;03:16
29;43;52;214.45;47;4195;50;59;1;07-04-2017;03:11
30;29;29;324.3;117;6252;72;91;1;05-06-2016;16:45
31;56;35;611.65;130;11973;40;39;1;08-06-2017;22:31
32;12;70;646.6;120;12692;30;20;1;20-02-2017;06:32
33;44;91;477.8;102;9352;95;11;1;17-05-2018;11:51
34;64;48;401.8;127;7782;34;66;1;25-02-2018;22:10
35;49;62;89.1;124;1534;31;5;1;16-10-2018;21:07
36;59;46;371.9;94;7250;6;87;1;15-04-2016;06:43
37;60;58;736.1;49;14624;23;86;1;01-03-2017;05:34
38;84;4;643.8;91;12694;94;84;1;02-05-2016;18:30
39;31;69;394.85;123;7651;14;67;1;01-05-2017;06:42
40;77;64;375.9;127;7264;30;41;1;14-07-2017;18:57
41;41;56;653.5;178;12714;20;42;1;22-10-2017;10:00
42;53;62;385.95;42;7635;39;99;1;03-12-2019;20:12
43;27;7;562.25;21;11203;16;17;1;07-06-2018;02:16
44;40;27;501.4;29;9970;88;58;1;12-07-2018;04:53
45;81;87;501.3;22;9982;35;40;1;11-11-2019;19:35
46;41;15;92.05;19;1803;88;59;1;13-11-2016;16:35
47;78;83;88.75;73;1629;3;66;1;17-01-2016;09:01
48;95;99;562.85;95;11067;75;42;1;10-05-2017;16:24
49;93;18;725.35;39;14429;78;34;1;06-02-2018;09:07
50;40;100;627.3;130;12286;18;60;1;01-08-2017;20:11
51;74;86;700.85;137;13743;21;15;1;11-09-2016;21:03
52;28;94;620.75;88;12239;45;37;1;31-05-2017;18:43
53;46;64;623.4;145;12178;58;19;1;09-07-2018;07:54
54;74;90;256.75;162;4811;95;26;1;23-11-2019;16:26
55;94;7;705.35;32;14043;13;25;1;21-04-2016;09:43
56;13;77;483.25;33;9599;96;42;1;17-04-2018;13:15
57;35;87;160.75;156;2903;83;23;1;15-04-2016;21:23
58;62;64;196.2;51;3822;49;52;1;01-11-2019;22:48
59;33;77;288.75;7;5761;46;45;1;12-04-2016;19:59
60;46;44;537.3;48;10650;33;59;1;10-06-2017;19:30
61;74;16;639.45;147;12495;95;73;0;08-08-2018;04:49
62;80;55;218.8;96;4184;19;87;1;10-11-2019;18:39
63;23;99;606.15;174;11775;88;15;1;06-08-2017;01:21
64;22;67;95.35;16;1875;45;58;1;02-02-2018;15:47
65;47;67;371.15;154;7115;29;11;1;09-01-2016;05:32
66;3;7;541.85;19;10799;46;100;1;19-06-2018;02:59
67;1;24;745.25;80;14745;18;82;1;09-02-2018;22:28
68;3;67;206.7;117;3900;87;52;1;04-12-2016;20:57
69;5;76;590.05;77;11647;35;59;1;15-12-2016;03:08
70;73;71;632.0;165;12310;37;34;1;14-10-2016;20:14
71;87;40;333.5;148;6374;65;93;1;30-04-2019;06:20
72;67;30;735.55;81;14549;33;16;1;10-12-2016;04:29
73;69;19;358.1;87;6988;53;97;0;26-05-2018;21:32
74;44;75;95.45;27;1855;29;86;1;13-01-2017;18:41
75;51;67;517.55;19;10313;82;17;1;24-08-2018;13:54
76;49;99;491.8;65;9706;43;16;1;29-07-2016;20:40
77;47;72;475.1;155;9192;12;29;1;05-04-2017;08:54
78;85;66;535.7;118;10478;98;94;1;02-07-2018;15:21
79;14;28;50.05;148;705;63;40;1;23-03-2017;02:17
80;77;77;713.05;132;13997;37;39;1;19-09-2019;15:10
81;95;27;690.95;140;13539;96;70;1;05-12-2018;06:25
82;76;34;27.6;161;230;56;82;1;08-06-2017;15:58
83;56;73;488.75;5;9765;18;38;1;16-03-2017;07:59
84;90;36;23.2;76;312;25;100;1;01-10-2016;01:25
85;4;15;103.4;47;1974;81;43;1;02-12-2016;01:32
86;79;53;271.3;44;5338;94;33;1;19-06-2019;22:28
87;39;69;169.95;64;3271;59;73;1;02-12-2018;15:28
88;64;60;196.8;131;3674;7;75;1;30-01-2018;04:18
89;68;48;413.0;32;8196;79;51;1;02-01-2018;21:18
90;70;82;397.0;76;7788;55;77;0;11-08-2016;21:13
91;36;31;501.1;56;9910;54;24;1;18-08-2016;01:04
92;81;66;656.4;115;12898;58;7;1;03-05-2018;20:12
93;81;58;750.9;61;14896;11;91;1;02-10-2017;02:39
94;34;18;430.35;67;8473;87;44;1;29-07-2019;17:40
95;84;10;169.75;180;3035;67;79;0;17-12-2016;23:03
96;42;62;194.55;104;3683;2;29;1;25-07-2019;06:19
97;2;6;405.2;132;7840;70;54;1;30-08-2016;03:31
98;39;14;162.1;128;2986;41;28;1;08-12-2019;07:35
99;31;69;447.5;21;8908;31;50;1;10-07-2017;14:52
100;33;22;641.6;117;12598;74;2;1;12-05-2018;13:16
101;33;31;650.0;40;12920;19;28;1;14-07-2018;17:07
102;61;47;552.6;156;10740;63;34;1;07-10-2019;01:12
103;66;41;199.65;115;3763;67;87;1;08-11-2016;20:37
104;76;51;588.8;34;11708;35;22;1;08-07-2016;15:39
105;93;60;690.3;16;13774;39;18;1;03-05-2017;04:02
106;86;93;260.65;170;4873;22;28;1;19-09-2018;15:02
107;53;34;683.45;108;13453;35;1;1;28-11-2018;09:31
108;60;7;104.65;5;2083;69;12;1;27-03-2019;23:44
109;44;83;654.85;46;13005;61;99;1;23-11-2017;01:11
110;68;88;382.2;83;7478;69;1;1;13-11-2016;15:49
111;10;47;163.5;117;3036;34;65;1;30-06-2019;14:32
112;82;94;123.25;179;2107;46;28;1;04-08-2016;21:12
113;32;83;145.25;172;2561;98;70;1;16-10-2017;14:44
114;55;24;80.25;133;1339;72;56;1;10-06-2018;07:13
115;23;32;177.65;59;3435;92;32;1;21-06-2017;17:26
116;67;68;538.45;76;10617;18;65;1;20-12-2019;02:11
117;2;44;356.15;53;7017;62;95;1;02-11-2017;17:16
118;84;33;412.5;132;7986;11;15;1;06-09-2016;04:23
119;62;37;524.25;168;10149;21;51;1;19-09-2019;11:53
120;76;96;604.35;163;11761;26;71;1;10-07-2019;14:15
121;81;84;445.95;92;8735;4;17;1;29-10-2016;06:38
122;14;88;470.05;25;9351;46;75;1;09-07-2019;06:16
123;58;45;374.25;110;7265;24;38;1;13-05-2016;09:36
124;54;73;640.2;38;12728;7;53;1;31-01-2017;16:29
125;19;94;27.1;40;462;14;95;1;22-01-2019;03:39
126;79;79;645.45;91;12727;74;46;1;17-06-2016;22:51
127;29;75;416.45;13;8303;76;50;1;08-07-2017;15:07
128;53;73;669.55;163;13065;39;61;1;25-09-2018;17:11
129;81;53;335.2;137;6430;2;50;1;24-01-2017;12:41
130;5;96;402.0;172;7696;15;21;1;06-08-2016;23:13
131;83;73;352.4;104;6840;36;18;1;03-06-2016;08:28
132;65;16;202.85;40;3977;85;44;1;22-11-2017;03:26
133;75;21;372.2;162;7120;16;79;1;14-12-2018;02:27
134;86;83;95.65;112;1689;44;80;1;29-12-2019;03:55
135;9;38;585.7;85;11544;77;25;1;21-05-2017;22:17
136;12;92;184.8;67;3562;73;75;1;08-04-2016;00:58
137;44;84;301.5;143;5744;66;53;1;28-11-2019;11:35
138;49;81;515.45;32;10245;78;21;1;15-10-2018;23:51
139;97;47;273.75;31;5413;44;78;1;02-06-2016;17:06
140;44;41;372.55;31;7389;51;94;1;07-02-2019;20:00
141;17;28;89.1;44;1694;36;21;1;24-08-2019;02:38
142;81;53;194.65;162;3569;33;60;1;15-02-2018;20:27
143;99;23;267.35;153;5041;46;42;1;26-12-2016;19:04
144;40;71;143.5;92;2686;7;43;1;10-11-2017;10:42
145;93;51;643.95;166;12547;50;82;1;05-05-2019;11:30
146;23;86;140.15;94;2615;59;15;1;05-02-2017;15:12
147;2;97;366.8;20;7296;98;93;1;14-10-2018;03:45
148;76;96;367.35;58;7231;47;10;1;28-01-2018;18:05
149;45;30;466.85;117;9103;34;67;1;05-06-2019;18:41
150;7;58;56.25;165;795;38;40;1;26-05-2019;19:59
151;7;78;420.0;117;8166;82;64;1;28-06-2017;13:43
152;81;18;678.7;148;13278;22;38;1;24-12-2019;02:41
153;72;20;304.25;158;5769;90;27;1;19-10-2016;08:35
154;86;86;118.0;97;2166;58;81;1;27-09-2017;17:45
155;26;84;39.65;68;657;100;65;1;26-10-2018;14:19
156;90;95;202.1;74;3894;11;8;1;30-10-2017;02:10
157;75;36;688.8;97;13582;38;1;1;08-02-2018;19:32
158;35;59;680.85;46;13525;80;35;1;10-10-2017;08:56
159;15;100;201.0;15;3990;16;76;1;05-12-2019;07:42
160;57;96;496.45;165;9599;40;6;1;14-01-2016;03:09
161;21;1;334.55;162;6367;71;9;1;18-02-2019;12:47
162;9;74;60.45;97;1015;63;50;1;12-10-2016;03:56
163;78;90;570.9;121;11176;42;32;0;25-07-2016;06:55
164;12;49;712.3;20;14206;54;39;1;19-07-2017;22:11
165;76;60;125.85;21;2475;66;14;1;16-12-2019;15:48
166;20;81;294.05;6;5869;10;28;1;18-11-2018;23:33
167;60;71;207.55;116;3919;26;69;1;01-04-2017;05:28
168;91;75;406.7;157;7820;48;73;0;25-09-2018;03:58
169;90;68;430.95;147;8325;53;39;1;02-05-2016;18:07
170;41;54;678.3;146;13274;61;52;1;02-06-2016;18:23
171;33;18;124.05;12;2457;12;88;1;22-08-2016;10:47
172;91;75;360.55;9;7193;61;98;1;27-10-2017;13:07
173;8;80;472.6;155;9142;69;88;1;29-04-2017;13:54
174;59;36;713.05;133;13995;35;20;1;02-06-2016;06:02
175;73;91;405.3;70;7966;71;91;1;08-05-2016;06:10
176;82;100;313.7;57;6160;42;68;1;25-04-2019;17:57
177;88;74;627.55;110;12331;32;47;1;20-12-2017;21:50
178;47;9;216.1;119;4084;51;34;1;24-01-2016;23:31
179;100;44;461.2;25;9174;15;32;1;23-07-2019;00:40
180;89;91;196.05;137;3647;94;35;1;21-07-2016;08:57
181;38;62;169.45;125;3139;1;12;1;10-02-2016;06:21
182;54;24;62.15;9;1225;27;38;1;16-11-2019;21:39
183;39;4;321.45;62;6305;20;33;1;21-03-2016;12:30
184;94;38;205.45;82;3945;95;22;1;08-09-2019;14:09
185;23;73;623.75;159;12157;38;82;1;08-06-2016;07:07
186;81;48;464.0;168;8944;1;15;1;27-10-2018;05:11
187;92;62;228.4;74;4420;76;43;1;19-03-2017;02:34
188;15;47;725.4;66;14376;75;90;1;28-04-2018;01:39
189;69;58;232.3;101;4444;71;15;1;05-07-2018;04:28
190;81;89;279.4;156;5276;77;13;1;23-11-2017;19:02
191;54;79;97.45;10;1929;83;70;1;29-07-2017;12:38
192;42;92;582.85;62;11533;15;68;1;17-11-2016;19:20
193;92;56;582.35;61;11525;89;59;1;08-05-2018;17:48
194;54;79;75.8;126;1264;75;23;1;18-09-2019;03:07
195;95;54;538.15;68;10627;18;45;0;21-01-2018;23:40
196;51;81;721.4;11;14406;42;42;1;18-09-2019;13:49
197;95;91;541.4;54;10720;6;73;1;03-08-2019;11:53
198;36;66;157.95;38;3083;31;38;1;15-08-2017;01:22
199;35;67;670.45;25;13359;57;81;1;17-02-2019;18:57
200;59;86;329.85;141;6315;2;13;1;01-11-2019;06:07
201;24;17;758.95;134;14911;2;16;1;16-07-2019;02:33
202;79;98;150.75;128;2759;33;28;1;02-12-2019;10:40
203;94;79;620.5;146;12118;80;52;1;01-06-2019;19:51
204;58;37;393.3;29;7808;45;93;1;08-10-2019;20:45
205;46;64;82.7;69;1516;42;93;1;05-08-2019;22:15
206;43;16;101.65;151;1731;2;69;1;13-03-2016;10:44
207;47;52;313.45;165;5939;35;73;1;05-12-2016;02:14
208;12;97;229.1;174;4234;9;72;1;27-01-2018;09:32
209;42;21;722.3;158;14130;38;30;1;07-06-2018;15:12
210;71;14;48.6;158;656;4;36;1;25-02-2018;20:17
211;95;28;684.85;24;13649;65;39;1;28-01-2019;21:06
212;94;39;537.6;120;10512;17;100;1;03-12-2019;21:35
213;21;5;757.45;96;14957;45;11;1;07-12-2016;19:53
214;81;87;340.5;157;6496;88;67;0;06-06-2018;05:03
215;59;98;354.1;77;6928;29;74;1;06-09-2019;23:23
216;22;38;237.1;8;4726;9;49;1;26-09-2016;07:33
217;7;68;139.35;35;2717;31;99;1;03-07-2018;22:11
218;78;46;737.7;64;14626;92;48;1;19-01-2017;07:48
219;44;35;554.85;92;10913;47;98;1;04-04-2016;07:44
220;61;20;120.0;81;2238;29;46;1;14-01-2019;02:08
221;35;50;381.1;115;7392;8;89;1;28-08-2018;01:23
222;86;45;736.3;23;14680;60;9;1;30-01-2019;04:52
223;3;95;642.5;121;12608;86;41;0;24-08-2018;14:29
224;13;4;176.9;7;3524;68;80;1;28-03-2017;10:53
225;49;48;182.0;48;3544;68;67;1;29-10-2016;00:18
226;52;73;166.6;159;3014;50;77;1;20-10-2017;02:46
227;52;53;454.8;5;9086;51;79;1;23-07-2016;17:04
228;68;18;291.25;162;5501;36;15;0;11-11-2016;17:19
229;79;7;34.7;55;584;76;54;1;29-02-2016;19:52
230;69;46;339.75;169;6457;15;9;1;01-04-2018;12:40
231;69;91;592.5;93;11664;73;90;1;15-06-2016;06:04
232;15;73;180.6;6;3600;76;81;1;04-11-2016;22:37
233;38;9;204.6;124;3844;99;70;1;11-05-2018;02:30
234;28;75;17.0;32;276;62;64;1;01-08-2017;04:36
235;51;88;306.85;76;5985;44;77;1;11-09-2016;17:20
236;4;25;758.1;121;14920;42;96;1;07-11-2016;20:55
237;26;100;236.8;85;4566;87;48;1;03-01-2018;17:10
238;41;64;500.0;103;9794;21;26;1;24-05-2016;23:22
239;68;100;254.45;156;4777;93;33;1;31-01-2019;21:06
240;21;42;120.15;154;2095;54;26;1;05-04-2019;21:55
241;88;88;678.35;144;13279;93;8;1;22-11-2018;10:05
242;21;36;92.0;24;1792;52;46;0;25-11-2017;19:52
243;14;88;254.9;76;4946;44;2;1;10-07-2016;09:19
244;98;82;435.5;126;8458;18;37;1;23-11-2017;15:39
245;51;84;76.1;180;1162;61;13;1;13-02-2017;12:27
246;35;88;334.25;86;6513;82;17;1;02-06-2016;00:40
247;75;64;331.25;106;6413;51;28;1;12-05-2017;21:35
248;69;51;715.65;55;14203;18;29;1;17-01-2017;06:48
249;14;71;597.9;84;11790;32;12;1;18-01-2016;09:09
250;59;88;411.5;23;8184;69;50;1;04-08-2018;03:40
251;4;33;143.55;66;2739;53;24;1;17-10-2018;19:42
252;20;84;190.8;98;3620;80;84;1;01-03-2017;00:52
253;61;77;107.9;86;1986;6;52;1;28-01-2018;10:06
254;14;21;259.5;114;4962;92;56;1;19-02-2016;02:29
255;59;56;603.45;15;12039;46;69;1;08-05-2018;04:30
256;47;19;434.2;64;8556;61;1;1;30-05-2016;18:37
257;97;82;529.1;54;10474;91;18;1;28-03-2016;23:02
258;78;55;132.1;111;2420;33;33;1;24-06-2019;04:06
259;69;73;428.7;16;8542;72;38;1;25-03-2016;20:12
260;99;65;520.05;161;10079;41;85;1;24-04-2017;16:52
261;63;51;50.1;22;958;50;87;1;24-03-2018;16:34
262;2;29;383.7;166;7342;56;41;1;04-11-2018;10:24
263;60;29;639.4;177;12434;5;56;1;16-05-2018;10:35
264;57;56;702.1;141;13760;24;4;1;14-03-2017;12:37
265;49;53;757.15;164;14815;83;72;1;11-12-2016;13:42
266;55;60;146.7;27;2880;86;28;1;14-03-2019;11:52
267;34;83;276.05;30;5461;78;53;1;10-12-2019;03:35
268;87;22;300.9;51;5916;21;67;1;21-03-2016;02:54
269;98;92;399.3;76;7834;39;45;1;09-11-2018;07:37
270;81;8;725.85;92;14333;64;63;1;13-07-2018;09:15
271;50;19;571.6;23;11386;51;51;1;25-11-2019;06:18
272;93;51;149.1;48;2886;75;16;1;04-01-2017;12:00
273;79;31;526.05;31;10459;61;75;1;07-04-2019;14:31
274;91;71;348.25;47;6871;65;22;1;03-02-2016;06:39
275;72;72;54.1;34;1014;87;45;1;22-06-2016;08:41
276;8;94;115.7;45;2224;99;90;1;02-12-2016;11:23
277;65;10;520.1;106;10190;51;18;1;26-05-2018;00:02
278;16;43;193.35;112;3643;99;28;1;22-09-2019;22:40
279;90;72;60.15;67;1069;80;15;1;31-07-2019;11:23
280;94;83;728.3;64;14438;84;96;1;11-08-2019;05:00
281;23;39;314.95;39;6221;80;14;1;28-07-2016;05:40
282;5;66;370.85;21;7375;5;56;1;04-05-2018;04:59
283;11;1;315.8;69;6178;46;58;1;30-10-2019;03:03
284;33;47;266.95;36;5267;25;91;0;10-12-2016;22:59
285;83;70;382.75;141;7373;26;30;1;05-11-2018;09:10
286;39;99;390.75;124;7567;92;8;1;27-09-2017;07:41
287;12;86;76.5;48;1434;63;5;1;21-05-2016;09:06
288;49;33;454.9;100;8898;84;42;1;27-03-2016;19:59
289;33;75;489.7;56;9682;72;57;1;21-02-2019;00:03
290;9;69;666.0;173;12974;46;49;0;28-10-2018;21:35
291;57;12;576.3;36;11454;28;32;1;25-12-2016;01:29
292;30;39;469.3;7;9372;1;29;1;14-09-2016;00:54
293;71;67;622.15;94;12255;78;64;0;28-05-2019;19:55
294;2;5;334.4;37;6614;71;92;1;31-08-2018;15:42
295;84;34;105.0;139;1822;81;70;1;18-08-2019;11:45
296;44;27;268.55;92;5187;21;60;1;08-06-2018;22:03
297;97;89;440.8;49;8718;84;83;1;01-07-2016;19:15
298;95;54;224.15;22;4439;7;74;1;03-01-2017;11:17
299;62;74;737.15;121;14501;72;5;1;21-03-2017;00:12
300;13;90;439.85;159;8479;35;11;1;28-05-2016;02:01
301;30;47;36.25;125;475;26;62;1;03-10-2019;04:30
302;11;42;316.85;88;6161;37;60;1;28-05-2016;07:24
303;59;21;169.65;31;3331;52;60;1;11-07-2016;02:11
304;23;84;379.35;83;7421;36;45;1;15-06-2017;20:52
305;28;62;44.15;20;843;18;70;0;03-07-2016;20:09
306;31;9;303.5;67;5936;18;37;1;22-05-2018;06:28
307;80;24;731.75;153;14329;85;76;1;13-06-2016;11:36
308;59;86;91.75;163;1509;10;66;1;03-04-2019;15:59
309;59;85;561.45;58;11113;24;25;1;10-10-2018;16:03
310;57;91;100.45;155;1699;24;72;1;01-03-2017;00:57
311;84;84;263.5;48;5174;85;58;1;11-01-2019;13:55
312;49;85;219.7;110;4174;94;61;1;26-08-2019;19:59
313;100;50;275.3;176;5154;9;33;1;14-03-2019;19:07
314;47;17;550.55;136;10739;20;52;1;25-11-2019;14:30
315;76;34;454.85;175;8747;74;74;1;03-10-2017;10:47
316;6;93;674.65;26;13441;44;23;1;22-12-2016;12:19
317;57;89;595.3;61;11784;84;13;1;11-02-2016;14:31
318;42;73;625.1;70;12362;17;100;1;25-04-2017;04:31
319;72;34;694.3;95;13696;46;56;1;20-07-2016;22:39
320;59;97;144.65;12;2869;31;10;0;31-08-2018;00:21
321;78;29;698.15;50;13863;71;97;1;12-01-2016;12:04
322;14;31;368.65;53;7267;32;41;1;08-08-2018;23:53
323;84;62;91.0;131;1558;68;82;1;15-10-2018;17:33
324;32;40;321.4;106;6216;36;25;1;17-05-2019;23:41
325;85;40;428.55;81;8409;45;77;1;16-02-2017;01:56
326;53;69;224.85;82;4333;60;76;1;05-12-2016;21:23
327;95;51;60.4;26;1156;100;94;1;10-12-2019;13:31
328;57;52;396.35;131;7665;87;83;1;19-04-2017;05:28
329;60;79;121.15;68;2287;34;1;1;19-08-2019;22:36
330;15;12;206.35;60;4007;74;71;1;06-08-2018;20:17
331;3;37;596.4;87;11754;79;97;1;11-06-2016;14:15
332;89;55;514.8;91;10114;27;67;1;08-11-2018;03:39
333;52;91;234.7;88;4518;9;12;1;16-05-2017;15:04
334;31;45;211.55;120;3991;60;11;1;11-11-2018;10:26
335;1;45;438.5;80;8610;52;59;1;06-05-2018;04:36
336;46;42;652.1;134;12774;27;12;1;13-05-2017;11:21
337;53;27;523.5;117;10236;7;99;1;23-05-2019;23:48
338;31;27;305.95;122;5875;16;1;1;03-04-2016;03:02
339;39;95;106.5;126;1878;88;84;1;31-10-2018;02:36
340;48;87;549.2;125;10734;46;92;1;19-08-2019;14:15
341;63;87;517.45;168;10013;65;90;1;16-02-2017;22:29
342;49;87;662.5;153;12944;17;5;1;14-05-2018;18:23
343;53;23;141.3;116;2594;74;35;1;25-04-2017;09:52
344;42;40;722.0;47;14346;26;96;1;12-06-2017;11:56
345;2;74;699.05;136;13709;92;56;1;11-03-2016;05:31
346;49;7;628.35;173;12221;89;19;1;21-07-2018;08:11
347;54;16;145.6;66;2780;72;80;1;20-02-2018;11:39
348;38;44;293.8;83;5710;94;19;1;17-07-2017;02:22
349;88;40;67.15;70;1203;79;25;1;14-02-2018;04:09
350;8;45;254.65;159;4775;15;7;1;04-04-2017;18:01
351;78;31;574.35;109;11269;88;96;1;19-03-2019;12:42
352;73;75;452.7;114;8826;38;82;1;29-03-2018;02:00
353;85;69;27.55;72;407;27;52;1;22-05-2017;20:37
354;57;75;137.35;162;2423;9;78;1;16-09-2019;04:19
355;32;91;378.8;42;7492;85;5;1;28-08-2018;01:54
356;67;47;730.4;74;14460;3;14;1;08-12-2019;17:18
357;69;1;717.25;83;14179;3;31;1;19-03-2016;08:50
358;93;86;744.7;9;14876;82;48;1;24-04-2019;13:19
359;95;53;502.3;6;10034;31;26;1;07-12-2018;04:03
360;15;31;230.05;50;4501;23;97;1;30-06-2019;13:44
361;53;76;746.95;141;14657;4;38;1;15-05-2019;17:26
362;19;46;685.75;82;13551;100;43;1;31-10-2017;17:10
363;50;96;523.75;19;10437;50;74;1;15-05-2018;22:57
364;70;82;452.0;97;8846;55;92;1;27-05-2016;07:30
365;72;50;731.45;78;14473;64;39;1;30-03-2017;15:15
366;58;64;154.2;121;2842;42;95;1;22-07-2019;00:11
367;45;41;493.8;126;9624;12;79;1;22-12-2019;16:07
368;11;94;187.7;78;3598;89;51;1;03-11-2019;00:19
369;28;89;434.9;101;8496;53;19;1;28-04-2019;16:46
370;64;24;305.7;33;6048;98;69;0;19-01-2016;10:07
371;31;24;474.05;117;9247;38;17;1;15-01-2016;22:22
372;93;17;428.5;38;8494;16;61;1;04-02-2017;03:36
373;83;45;655.6;137;12838;85;9;1;10-01-2017;22:37
374;46;90;637.0;117;12506;10;6;1;10-07-2018;05:14
375;1;97;363.4;16;7236;73;99;1;13-12-2017;14:49
376;62;19;136.2;80;2564;98;28;0;11-06-2017;06:53
377;3;96;335.85;140;6437;23;26;1;21-06-2018;11:33
378;40;78;619.55;160;12071;78;22;1;15-03-2019;05:51
379;22;40;282.8;130;5396;67;40;1;02-01-2019;04:06
380;19;41;44.0;98;684;95;92;1;28-11-2019;09:59
381;17;33;179.05;124;3333;53;10;1;05-07-2018;14:50
382;53;79;650.5;92;12826;4;7;1;30-11-2017;16:59
383;93;1;253.8;135;4806;16;16;1;15-03-2018;15:30
384;62;6;160.7;156;2902;67;76;1;12-04-2017;03:27
385;36;12;88.85;128;1521;33;93;1;07-09-2016;17:42
386;10;45;497.25;53;9839;34;33;1;26-08-2019;04:27
387;53;56;210.45;43;4123;48;81;1;30-07-2016;08:43
388;38;65;219.4;179;4030;46;60;1;09-04-2018;02:44
389;90;21;571.4;106;11216;58;100;1;18-10-2017;23:43
390;88;94;525.65;81;10351;88;43;1;17-12-2018;01:14
391;53;79;697.85;26;13905;12;74;1;08-09-2017;18:53
392;32;19;145.75;67;2781;94;40;1;10-08-2017;16:41
393;81;85;457.95;95;8969;94;93;1;19-04-2019;22:09
394;17;34;699.9;85;13828;99;45;1;29-07-2019;13:40
395;63;3;146.55;80;2771;41;53;1;21-09-2018;09:22
396;87;12;600.45;162;11685;4;80;1;12-08-2018;14:44
397;61;76;284.05;176;5329;27;7;1;12-02-2018;05:18
398;59;57;721.4;177;14074;97;71;1;26-06-2019;08:00
399;74;28;170.7;102;3210;17;64;0;12-09-2016;19:26
400;93;21;674.9;178;13142;47;55;1;23-05-2018;03:31
401;82;43;71.3;142;1142;52;37;1;19-12-2018;08:54
402;11;71;245.4;148;4612;14;94;0;04-04-2017;00:11
403;27;21;123.25;65;2335;25;41;1;22-07-2018;13:40
404;64;61;644.75;20;12855;74;64;1;24-12-2019;14:10
405;67;97;147.6;45;2862;45;56;1;01-11-2017;19:24
406;28;70;724.75;63;14369;73;41;1;15-03-2016;18:38
407;47;3;118.5;21;2328;15;35;1;19-07-2017;10:19
408;17;40;211.05;104;4013;99;55;1;09-04-2016;07:37
409;33;49;393.5;177;7516;25;42;1;27-06-2019;00:38
410;81;12;724.3;85;14316;11;25;1;31-01-2017;02:50
411;41;76;169.85;72;3253;39;70;1;21-10-2019;13:53
412;19;86;327.7;117;6320;46;91;1;02-07-2019;20:16
413;20;11;590.95;82;11655;62;54;1;02-12-2016;00:02
414;48;47;254.1;86;4910;9;21;1;06-09-2018;12:20
415;51;32;650.3;177;12652;6;26;1;08-03-2016;18:22
416;15;44;434.1;54;8574;87;48;1;29-05-2016;20:57
417;98;97;529.7;104;10386;77;93;1;21-02-2017;05:47
418;35;88;685.85;164;13389;84;38;1;24-01-2019;15:38
419;56;16;312.65;71;6111;41;62;1;03-03-2018;04:17
420;65;24;640.9;137;12544;26;34;1;29-07-2016;13:53
421;74;23;586.0;71;11578;26;5;1;31-07-2017;18:50
422;73;65;169.95;170;3059;28;93;1;03-11-2019;20:51
423;79;83;592.0;126;11588;64;97;1;05-12-2017;00:38
424;83;74;143.25;180;2505;31;4;1;27-08-2019;04:27
425;76;33;40.6;28;756;48;81;1;11-03-2016;12:02
426;1;29;685.55;106;13499;77;85;1;12-11-2018;15:14
427;19;99;67.35;100;1147;10;32;1;19-01-2016;09:22
428;17;74;431.5;169;8292;92;2;1;05-08-2016;16:05
429;16;52;237.05;147;4447;22;50;1;01-02-2019;11:46
430;78;19;482.9;47;9564;15;48;0;27-07-2017;22:57
431;37;76;173.05;164;3133;59;31;1;18-01-2017;20:36
432;45;43;617.4;11;12326;97;69;1;01-05-2018;14:11
433;50;76;423.8;73;8330;40;61;1;05-02-2017;02:18
434;64;46;372.05;157;7127;5;40;1;24-06-2017;09:37
435;70;42;501.15;74;9875;66;97;1;07-11-2019;14:08
436;55;82;487.05;93;9555;94;21;1;19-12-2017;20:01
437;57;3;489.05;8;9765;40;53;1;08-12-2016;06:58
438;8;40;68.9;81;1216;30;65;0;12-11-2019;14:48
439;53;13;275.25;91;5323;95;24;0;14-12-2017;09:34
440;55;3;117.75;114;2127;18;52;1;12-09-2017;06:58
441;81;94;724.8;162;14172;21;22;1;19-09-2016;11:16
442;47;72;690.8;110;13596;18;3;1;15-08-2019;22:35
443;84;59;118.1;144;2074;40;38;1;28-11-2017;04:01
444;52;91;284.9;136;5426;26;51;1;03-11-2017;20:23
445;13;53;110.35;143;1921;66;20;1;24-04-2016;08:21
446;18;79;758.95;175;14829;55;20;1;18-04-2017;04:39
447;1;33;104.55;130;1831;41;48;1;29-11-2019;01:03
448;84;8;694.15;57;13769;47;47;1;30-05-2016;20:57
449;27;48;228.5;160;4250;83;79;1;20-10-2016;11:00
450;98;62;188.75;85;3605;75;45;1;01-07-2016;22:43
451;84;2;473.6;127;9218;42;6;1;17-01-2017;11:21
452;16;54;493.9;117;9644;11;89;1;15-01-2016;23:02
453;92;43;718.4;178;14012;28;58;1;26-11-2019;14:49
454;27;85;196.7;61;3812;44;65;1;15-08-2019;06:39
455;76;60;445.5;82;8746;32;62;1;16-07-2018;10:00
456;12;42;736.4;94;14540;20;5;1;03-09-2019;16:21
457;96;46;138.45;80;2609;25;64;1;31-12-2018;05:48
458;50;79;590.95;37;11745;77;38;1;08-12-2016;02:33
459;19;59;93.6;151;1570;47;82;1;25-03-2016;05:28
460;22;79;488.35;38;9691;91;33;1;27-11-2016;15:10
461;38;44;720.1;78;14246;14;48;1;18-02-2019;01:40
462;61;75;499.55;119;9753;61;75;1;20-11-2019;23:51
463;52;62;436.7;84;8566;93;90;1;29-02-2016;01:27
464;61;61;385.35;162;7383;5;35;1;03-02-2018;19:23
465;17;14;105.9;112;1894;80;83;1;04-05-2017;05:11
466;89;87;205.65;69;3975;37;56;1;28-01-2016;03:21
467;73;72;488.05;40;9681;59;67;1;02-03-2017;15:22
468;60;6;114.8;135;2026;67;11;1;04-07-2018;19:17
469;60;33;434.8;122;8452;20;100;1;14-02-2017;13:54
470;21;64;167.1;174;2994;96;91;1;27-04-2016;17:36
471;45;55;451.65;114;8805;82;30;1;25-02-2016;09:10
472;85;98;560.5;44;11122;62;43;1;19-02-2017;09:49
473;21;54;140.75;55;2705;55;19;1;03-08-2017;02:33
474;34;70;110.55;85;2041;17;93;1;02-07-2018;05:33
475;67;67;668.65;134;13105;94;6;1;19-06-2018;19:26
476;8;50;230.65;130;4353;47;89;1;31-01-2019;18:22
477;1;89;184.3;150;3386;90;47;0;24-06-2019;17:34
478;68;46;69.8;127;1142;4;51;1;09-11-2019;12:42
479;4;23;85.3;43;1620;96;1;1;18-11-2019;06:29
480;34;20;730.9;60;14498;31;41;1;10-06-2016;02:58
481;55;23;52.95;65;929;60;93;1;29-01-2018;17:28
482;37;90;67.35;66;1215;96;46;1;24-01-2019;14:49
483;87;36;251.45;128;4773;75;21;1;19-07-2018;07:54
484;27;19;132.95;20;2619;21;76;1;22-02-2019;21:03
485;21;16;449.35;94;8799;43;93;1;23-05-2017;21:40
486;71;55;130.45;5;2599;55;10;1;30-04-2018;23:21
487;93;36;229.9;110;4378;10;61;1;02-11-2017;15:28
488;80;20;684.7;113;13468;50;65;1;09-02-2017;12:24
489;7;95;499.2;59;9866;41;74;1;09-01-2017;07:15
490;91;46;471.2;100;9224;64;77;1;10-01-2016;06:08
491;12;6;241.3;137;4552;26;68;1;17-01-2016;09:51
492;25;3;277.15;112;5319;69;55;1;15-06-2016;22:23
493;12;77;214.9;150;3998;21;93;1;14-07-2019;08:38
494;66;31;359.25;45;7095;88;46;1;06-06-2016;16:30
495;100;13;345.25;135;6635;28;86;1;17-08-2019;09:27
496;60;78;194.75;144;3607;60;45;1;23-12-2017;04:41
497;71;80;192.4;132;3584;20;9;0;25-03-2018;08:29
498;39;9;171.9;11;3416;82;73;1;11-10-2017;09:17
499;78;61;707.4;165;13818;82;24;1;23-12-2019;11:58
500;14;9;757.6;89;14974;57;9;1;07-05-2018;22:14
501;48;20;102.55;91;1869;35;58;1;10-08-2018;04:39
502;85;29;730.5;32;14546;92;46;1;01-01-2018;11:18
503;96;13;332.9;53;6552;53;18;1;23-06-2017;10:25
504;88;8;229.0;86;4408;98;5;1;15-12-2016;06:33
505;41;31;461.2;53;9118;64;28;1;07-07-2018;18:12
506;61;45;151.4;51;2926;100;48;1;27-07-2017;05:51
507;93;57;282.85;17;5623;73;4;1;10-01-2017;07:08
508;20;88;251.8;98;4840;56;93;1;17-07-2018;02:24
509;61;9;45.5;109;692;34;30;1;12-07-2016;21:16
510;62;86;425.85;79;8359;88;28;1;13-05-2017;16:40
511;13;59;726.35;120;14287;44;99;1;19-09-2019;17:21
512;61;49;732.4;74;14500;97;82;1;19-08-2018;12:22
513;29;40;46.05;133;655;89;3;1;23-05-2019;17:16
514;29;58;309.0;160;5860;53;46;1;12-03-2018;03:33
515;18;47;692.6;27;13798;59;89;0;26-03-2018;18:51
516;41;79;315.75;40;6235;5;75;1;06-03-2017;17:00
517;70;76;215.8;55;4206;56;12;1;11-04-2017;23:32
518;61;19;390.75;25;7765;23;3;1;25-06-2019;20:50
519;8;45;321.3;100;6226;88;26;1;08-06-2019;11:46
520;65;29;558.2;145;10874;19;48;1;05-11-2019;16:30
521;27;51;586.0;78;11564;40;64;1;17-08-2019;22:03
522;37;17;64.0;128;1024;10;67;1;03-09-2017;19:48
523;8;76;554.15;119;10845;67;62;1;16-03-2018;11:20
524;44;90;121.75;12;2411;69;24;1;26-10-2016;21:12
525;43;74;341.05;36;6749;17;75;1;06-04-2018;20:34
526;34;21;642.65;147;12559;30;63;1;16-11-2017;13:37
527;3;61;483.05;6;9649;67;68;1;25-06-2016;12:56
528;40;15;220.05;46;4309;92;79;1;21-11-2018;08:45
529;5;57;417.15;149;8045;67;27;1;30-11-2018;20:58
530;99;41;159.5;160;2870;10;31;1;14-01-2016;19:29
531;91;58;231.7;89;4456;38;30;1;07-12-2019;14:27
532;62;82;678.05;77;13407;75;73;1;06-04-2016;13:52
533;73;61;687.45;95;13559;60;11;1;06-04-2018;06:24
534;78;99;34.6;98;496;80;37;1;03-07-2016;09:23
535;96;18;227.2;53;4438;68;81;1;03-12-2019;19:36
536;67;47;472.05;70;9301;74;65;1;24-04-2017;14:09
537;55;71;404.3;54;7978;19;62;0;09-12-2017;02:40
538;77;25;317.1;28;6286;97;78;1;10-04-2016;14:47
539;95;1;417.4;103;8142;63;47;1;27-08-2016;23:37
540;97;19;740.75;177;14461;42;99;1;14-01-2018;00:02
541;92;46;505.0;65;9970;55;53;1;15-06-2018;02:41
542;3;22;313.0;49;6162;45;84;1;22-04-2016;09:35
543;58;50;481.25;12;9601;55;87;1;26-07-2017;03:10
544;69;98;441.0;110;8600;31;23;1;05-03-2018;19:23
545;55;47;637.05;26;12689;61;85;1;26-04-2017;08:29
546;96;11;220.9;110;4198;14;21;1;18-06-2019;18:09
547;16;12;339.15;17;6749;95;91;1;24-04-2018;21:37
548;40;55;630.85;167;12283;79;85;1;04-05-2019;13:42
549;96;35;607.0;145;11850;90;58;0;15-07-2019;06:21
550;19;93;26.6;53;426;54;10;1;22-03-2017;04:59
551;39;11;59.65;147;899;94;73;1;16-05-2019;15:34
552;21;100;527.9;58;10442;46;91;1;29-05-2019;21:52
553;25;58;257.75;56;5043;70;67;1;05-04-2019;12:46
554;53;65;580.55;166;11279;17;12;1;11-09-2019;03:42
555;25;21;76.25;65;1395;55;76;1;30-01-2016;02:41
556;93;43;101.5;80;1870;49;49;1;24-12-2017;01:40
557;5;19;53.8;26;1024;71;53;1;17-03-2016;06:15
558;7;64;585.55;10;11691;90;81;0;31-10-2016;23:53
559;17;71;57.7;32;1090;5;67;1;19-02-2016;22:12
560;70;38;738.55;58;14655;58;57;1;25-07-2016;04:09
561;72;48;39.5;67;656;39;75;1;28-11-2019;05:42
562;65;56;237.85;70;4617;26;89;1;09-12-2018;03:12
563;79;81;214.2;170;3944;94;93;1;09-09-2018;21:45
564;93;19;265.45;155;4999;76;100;1;23-11-2018;06:07
565;65;23;632.15;136;12371;67;53;1;21-06-2016;10:02
566;35;26;169.25;19;3347;20;75;1;06-04-2016;20:53
567;30;31;98.4;41;1886;50;28;1;10-05-2018;00:42
568;18;60;266.55;43;5245;36;54;1;13-02-2019;03:40
569;52;92;405.05;20;8061;71;56;1;30-06-2017;21:12
570;43;70;111.1;109;2004;17;40;1;13-07-2018;01:23
571;32;48;682.0;60;13520;51;67;1;01-12-2018;23:20
572;35;93;427.55;20;8511;95;7;1;04-02-2019;08:08
573;76;60;198.6;56;3860;93;19;1;01-09-2017;15:00
574;74;3;175.55;80;3351;53;66;1;26-09-2018;04:57
575;15;87;625.8;161;12194;10;69;1;16-12-2018;09:32
576;67;86;583.55;71;11529;100;61;1;25-04-2016;14:07
577;59;13;109.95;121;1957;32;95;1;16-09-2016;01:09
578;9;24;669.25;100;13185;39;71;0;21-09-2017;02:31
579;94;54;377.8;154;7248;58;43;1;02-07-2016;03:41
580;74;73;64.25;160;965;100;26;1;03-03-2019;12:36
581;77;37;527.9;165;10228;60;66;0;28-08-2017;04:49
582;31;79;398.85;71;7835;18;1;1;10-03-2017;13:25
583;34;2;188.25;47;3671;54;17;1;01-01-2018;14:10
584;45;53;703.5;178;13714;2;69;1;15-03-2016;10:36
585;65;8;739.9;150;14498;67;78;1;31-03-2019;08:04
586;56;9;133.2;145;2374;66;72;1;12-01-2017;00:23
587;94;9;239.85;18;4761;35;72;1;15-06-2017;12:07
588;94;100;485.7;45;9624;44;83;1;24-07-2019;06:50
589;74;65;416.8;82;8172;51;78;1;22-01-2016;04:00
590;76;97;665.5;169;12972;100;27;0;20-04-2018;14:11
591;49;70;193.7;92;3690;83;40;1;22-12-2019;01:45
592;6;83;454.85;69;8959;35;3;1;16-12-2016;01:28
593;54;53;695.45;77;13755;3;58;0;27-10-2017;08:59
594;35;32;298.65;11;5951;26;93;1;06-03-2018;00:34
595;22;95;389.3;35;7716;9;74;1;07-05-2017;15:26
596;56;93;564.75;165;10965;92;30;1;16-04-2018;09:04
597;66;43;524.2;170;10144;74;49;1;16-11-2017;15:52
598;10;9;455.25;180;8745;88;23;1;08-08-2017;06:36
599;35;79;541.6;89;10654;24;25;1;15-01-2018;23:34
600;58;93;550.85;180;10657;38;17;1;23-01-2016;19:00
601;62;14;400.55;82;7847;6;60;1;10-02-2016;23:09
602;26;79;250.05;96;4809;83;16;1;09-10-2017;03:25
603;71;36;200.15;50;3903;41;16;1;31-03-2018;11:13
604;48;69;203.15;175;3713;21;51;1;22-02-2017;10:52
605;5;89;699.7;30;13934;87;40;1;21-04-2017;13:40
606;79;6;344.75;45;6805;84;100;1;18-12-2016;15:33
607;16;41;659.55;116;12959;19;36;1;10-01-2019;08:15
608;38;50;214.1;62;4158;22;88;1;21-04-2018;23:58
609;73;12;442.4;111;8626;9;30;1;14-12-2018;08:29
610;64;33;749.2;121;14742;20;90;1;01-10-2016;11:38
611;21;72;424.1;67;8348;69;44;0;14-02-2018;11:50
612;24;59;581.95;118;11403;17;45;1;09-06-2018;14:03
613;26;22;531.25;174;10277;55;12;1;01-11-2018;20:06
614;35;46;724.25;113;14259;13;55;1;31-10-2019;11:37
615;33;76;158.5;138;2894;41;35;1;08-01-2018;09:04
616;7;94;426.8;85;8366;38;15;1;29-09-2019;07:15
617;13;96;695.2;108;13688;38;50;1;06-02-2019;20:37
618;91;76;504.3;74;9938;2;6;1;09-05-2017;16:24
619;100;40;533.35;57;10553;33;4;1;30-05-2017;00:40
620;10;80;180.9;137;3344;17;67;1;21-06-2018;22:36
621;84;79;48.65;179;615;3;33;1;27-07-2017;04:41
622;64;90;346.4;101;6726;88;36;1;09-09-2018;12:12
623;53;75;532.65;69;10515;17;43;1;28-10-2019;11:21
624;93;72;517.85;71;10215;21;41;1;12-08-2017;12:30
625;34;68;619.7;113;12168;22;84;1;12-04-2019;05:16
626;13;54;119.15;10;2363;91;67;1;15-04-2016;00:03
627;6;91;508.95;35;10109;5;59;1;12-10-2017;12:57
628;89;49;592.5;18;11814;51;46;1;15-09-2017;03:44
629;70;19;103.1;132;1798;54;89;1;14-09-2019;07:02
630;14;41;618.35;97;12173;96;25;1;01-04-2019;06:15
631;51;7;670.25;89;13227;40;59;1;01-06-2018;10:42
632;93;76;664.7;87;13120;96;100;1;17-04-2016;13:18
633;99;61;398.45;84;7801;8;12;1;23-05-2018;03:01
634;10;57;731.95;37;14565;82;12;1;10-03-2018;19:02
635;56;15;357.0;180;6780;85;72;1;12-02-2019;10:49
636;90;11;387.95;32;7695;100;45;1;15-09-2019;01:22
637;52;21;643.5;39;12792;5;16;1;25-08-2018;18:32
638;29;61;405.9;176;7766;23;71;1;02-01-2018;03:03
639;24;34;669.3;104;13178;24;8;1;17-01-2016;05:19
640;37;61;676.75;98;13339;97;4;1;11-11-2018;21:44
641;24;53;293.0;35;5790;25;8;1;19-09-2018;01:43
642;5;99;60.35;134;939;49;78;1;26-06-2017;22:25
643;25;15;40.5;175;460;36;92;1;03-09-2019;00:38
644;80;51;105.6;23;2066;98;73;1;14-09-2018;02:19
645;4;58;144.5;172;2546;62;44;1;11-05-2019;18:53
646;97;30;719.45;95;14199;74;30;1;07-06-2017;18:34
647;70;86;48.95;39;901;48;19;1;14-04-2017;00:21
648;55;65;696.15;144;13635;84;100;1;27-06-2016;22:54
649;10;81;312.1;168;5906;26;94;1;07-05-2019;07:50
650;45;96;592.6;65;11722;96;30;1;15-04-2018;04:22
651;23;74;168.45;52;3265;37;13;1;06-01-2018;14:52
652;44;46;73.35;78;1311;10;53;1;23-09-2019;04:39
653;27;12;235.85;109;4499;80;53;1;04-06-2017;00:26
654;68;96;40.8;147;522;34;13;1;20-06-2019;18:26
655;78;87;18.7;8;358;53;83;1;14-07-2017;20:23
656;11;54;543.3;95;10676;56;30;1;11-04-2019;21:03
657;70;72;602.4;172;11704;7;11;1;01-06-2019;13:17
658;69;96;506.5;136;9858;68;65;1;02-01-2016;01:23
659;81;76;269.7;32;5330;26;47;1;06-03-2016;10:20
660;89;54;262.45;114;5021;91;43;1;12-03-2019;20:49
661;76;25;459.05;175;8831;61;6;1;27-08-2017;15:22
662;49;81;608.65;33;12107;32;24;1;01-09-2016;16:21
663;24;5;262.5;118;5014;51;12;1;30-07-2019;11:21
664;3;63;637.55;95;12561;25;61;1;10-05-2019;09:08
665;75;41;569.95;39;11321;86;73;1;25-05-2018;04:25
666;69;12;659.45;85;13019;6;24;1;12-07-2019;13:15
667;7;18;659.25;152;12881;55;54;1;02-02-2019;15:42
668;39;95;468.9;74;9230;72;1;1;25-10-2017;06:42
669;94;66;188.7;145;3484;60;48;1;23-09-2016;17:09
670;35;73;140.15;7;2789;14;18;1;11-09-2019;05:40
671;93;1;441.8;32;8772;36;87;1;29-03-2019;06:47
672;85;49;561.7;117;11000;5;38;1;28-12-2019;21:44
673;8;96;107.8;77;2002;7;99;1;14-12-2019;10:45
674;32;29;57.75;79;997;32;13;1;20-01-2018;19:29
675;44;17;264.65;118;5057;100;22;1;29-10-2019;20:15
676;86;40;115.0;105;2090;83;93;1;24-07-2016;23:00
677;100;91;161.05;103;3015;55;80;1;20-04-2019;18:34
678;16;64;132.0;174;2292;10;2;1;27-02-2018;06:33
679;91;24;489.75;152;9491;89;50;1;03-05-2016;11:44
680;36;2;88.4;46;1676;51;59;1;06-06-2018;13:51
681;28;92;194.5;68;3754;97;96;1;06-06-2017;02:36
682;11;50;403.05;26;8009;37;87;1;16-12-2016;14:07
683;94;10;36.2;79;566;11;24;1;19-08-2017;08:36
684;61;88;324.55;32;6427;94;34;1;27-06-2016;20:08
685;44;1;21.85;84;269;62;23;1;23-08-2019;12:17
686;28;77;157.35;114;2919;2;37;1;24-12-2019;07:02
687;97;70;559.05;52;11077;52;64;1;06-07-2019;00:43
688;11;31;699.7;109;13776;88;44;1;11-10-2016;03:14
689;72;31;520.95;177;10065;52;65;1;16-12-2019;22:02
690;46;21;747.7;115;14724;21;17;0;12-05-2019;12:36
691;66;38;42.8;151;554;60;77;1;10-06-2016;10:21
692;100;18;33.6;41;590;30;87;1;23-03-2016;19:29
693;69;3;242.4;162;4524;63;83;1;19-08-2017;07:17
694;83;99;308.25;74;6017;63;76;1;13-05-2017;18:22
695;79;73;26.15;86;351;58;100;1;18-03-2017;11:27
696;2;41;273.95;115;5249;50;45;1;06-12-2017;22:10
697;6;67;313.1;74;6114;82;34;1;09-08-2019;07:48
698;77;74;735.8;24;14668;56;61;1;07-01-2018;14:09
699;53;26;656.75;49;13037;73;8;1;08-11-2019;19:01
700;25;73;123.75;94;2287;22;50;1;05-02-2016;13:20
701;46;92;601.1;129;11764;29;40;1;06-01-2018;18:20
702;69;35;700.0;137;13726;2;55;1;04-07-2017;05:12
703;47;32;748.15;44;14875;17;70;1;01-09-2018;15:01
704;85;67;282.7;140;5374;48;87;1;29-03-2017;16:45
705;80;76;675.15;15;13473;8;1;0;31-03-2017;00:50
706;81;91;125.1;174;2154;28;10;1;11-01-2018;16:14
707;36;4;717.35;80;14187;99;68;1;21-08-2016;07:46
708;68;95;593.9;8;11862;5;8;1;21-06-2017;06:29
709;53;33;590.5;19;11772;90;35;1;02-10-2017;16:20
710;18;32;321.3;88;6250;14;39;1;07-06-2016;11:07
711;21;14;268.6;114;5144;50;37;1;01-05-2018;00:24
712;73;91;124.75;139;2217;26;33;1;09-11-2019;10:23
713;94;16;604.35;91;11905;28;3;1;27-11-2016;19:00
714;50;12;80.95;61;1497;59;25;1;02-03-2017;10:53
715;16;12;290.45;153;5503;41;4;1;20-10-2016;01:31
716;71;47;252.0;127;4786;67;81;1;26-07-2017;19:05
717;37;28;362.2;41;7162;32;17;1;05-11-2016;21:45
718;51;66;324.3;135;6216;77;72;1;04-04-2016;02:03
719;44;30;724.4;108;14272;81;83;1;13-06-2019;11:21
720;31;73;563.5;31;11208;55;30;1;17-05-2019;05:03
721;82;26;62.3;153;940;45;3;1;01-10-2017;02:16
722;17;29;696.95;37;13865;81;58;1;15-01-2019;03:22
723;27;17;37.25;101;543;14;14;1;24-08-2018;04:39
724;56;68;165.6;90;3132;13;6;1;23-09-2018;21:07
725;18;34;24.25;10;465;51;39;1;01-11-2019;00:35
726;86;9;345.1;165;6572;51;19;1;26-11-2019;08:57
727;13;2;164.75;150;2995;68;4;1;22-05-2017;19:09
728;90;21;597.0;48;11844;91;85;1;08-12-2016;03:09
729;12;89;390.2;164;7476;38;70;1;28-04-2016;18:06
730;20;42;223.05;25;4411;96;64;1;22-12-2018;18:56
731;34;91;147.85;48;2861;97;85;1;10-02-2017;03:12
732;48;93;267.7;177;5000;13;43;1;04-11-2018;21:37
733;4;13;226.15;167;4189;85;97;1;04-02-2018;16:14
734;53;60;408.85;103;7971;86;15;1;05-02-2016;23:59
735;51;53;469.85;49;9299;71;49;1;03-03-2016;04:13
736;57;39;26.7;32;470;87;1;1;07-12-2017;11:55
737;59;30;322.45;155;6139;14;8;1;24-02-2018;13:38
738;30;64;667.95;34;13291;76;26;1;13-12-2019;03:09
739;99;2;123.0;67;2326;44;74;1;24-08-2018;13:38
740;97;32;689.15;35;13713;70;75;1;27-04-2016;09:03
741;14;54;159.9;34;3130;35;87;1;01-08-2016;23:49
742;79;25;676.75;133;13269;27;44;1;03-08-2018;00:28
743;77;90;346.2;142;6640;37;33;1;08-11-2017;07:13
744;26;59;734.0;135;14410;29;97;1;06-12-2019;04:45
745;12;36;36.9;140;458;12;35;1;01-02-2019;09:50
746;71;100;137.0;139;2462;24;50;1;15-12-2017;04:28
747;35;37;313.4;82;6104;26;21;1;28-07-2018;02:10
748;97;5;163.45;122;3025;48;41;1;18-12-2019;04:44
749;92;63;752.1;157;14728;72;94;1;30-07-2018;08:02
750;50;46;177.2;132;3280;74;4;1;21-04-2017;18:41
751;8;100;272.65;117;5219;27;23;1;16-08-2017;12:47
752;81;98;543.25;167;10531;71;55;1;21-01-2017;12:20
753;18;82;315.5;136;6038;28;9;1;18-07-2018;20:48
754;11;65;232.7;29;4596;80;1;1;09-09-2016;08:10
755;81;100;245.0;70;4760;36;3;1;10-10-2019;17:34
756;13;39;100.6;151;1710;100;99;1;05-04-2018;12:59
757;9;50;705.1;179;13744;50;9;1;16-08-2018;07:48
758;50;44;488.7;41;9692;21;1;1;04-07-2018;13:38
759;73;50;404.1;95;7892;51;9;1;11-03-2016;21:42
760;33;59;131.4;33;2562;76;60;1;22-03-2017;16:37
761;59;25;421.7;149;8136;77;27;1;20-10-2016;17:45
762;9;72;429.65;175;8243;74;33;1;23-05-2019;22:53
763;8;71;288.6;141;5490;55;100;1;07-02-2019;04:00
764;63;77;249.3;142;4702;61;20;0;04-06-2016;15:05
765;7;8;151.9;72;2894;71;65;1;24-01-2017;09:42
766;18;77;685.8;110;13496;42;45;1;31-05-2017;11:52
767;80;58;191.8;67;3702;3;51;1;09-06-2017;02:20
768;21;46;481.45;63;9503;58;48;1;21-03-2018;14:03
769;15;9;277.3;8;5530;38;64;1;06-08-2018;19:10
770;68;54;731.8;167;14302;99;14;1;30-12-2018;00:47
771;93;13;184.4;23;3642;97;63;1;17-09-2019;15:02
772;1;95;362.6;170;6912;35;5;1;14-08-2019;08:42
773;7;45;278.95;136;5307;73;41;1;18-06-2018;15:35
774;97;70;610.75;50;12115;2;1;1;09-06-2017;21:48
775;30;8;480.35;113;9381;54;7;1;07-01-2017;22:24
776;65;83;328.8;129;6318;62;16;1;19-01-2017;12:24
777;59;75;692.6;138;13576;26;34;1;17-01-2018;17:00
778;85;57;624.2;133;12218;5;41;1;28-01-2016;00:25
779;78;69;644.8;68;12760;54;20;1;23-05-2018;01:02
780;27;19;332.65;15;6623;87;21;1;28-03-2018;08:32
781;88;77;560.7;153;10908;16;89;1;03-01-2018;20:38
782;100;7;409.25;158;7869;84;77;1;20-08-2019;21:55
783;70;2;588.25;74;11617;55;65;1;23-03-2017;03:44
784;55;96;415.45;170;7969;84;96;1;29-06-2016;07:32
785;100;94;723.85;153;14171;32;95;1;27-04-2019;06:20
786;99;52;569.05;103;11175;72;15;1;10-06-2018;01:07
787;94;58;169.1;175;3032;84;44;1;24-07-2017;13:57
788;13;76;303.4;55;5958;67;29;1;18-04-2017;06:12
789;88;18;418.4;49;8270;5;83;1;27-04-2019;00:14
790;12;57;456.4;145;8838;18;12;1;01-02-2017;07:20
791;63;64;201.75;93;3849;78;75;1;15-05-2018;04:45
792;42;17;476.4;41;9446;56;59;1;01-05-2018;05:59
793;79;80;130.45;108;2393;56;13;1;08-05-2017;15:30
794;36;29;347.5;134;6682;76;86;1;26-11-2016;12:03
795;63;32;83.6;119;1434;30;24;1;24-11-2017;23:19
796;41;25;258.75;101;4973;83;66;0;18-07-2019;04:54
797;98;78;579.0;38;11504;91;66;1;01-10-2017;12:34
798;5;35;683.9;62;13554;8;52;1;12-01-2017;18:42
799;1;58;519.2;164;10056;25;79;1;26-05-2018;17:42
800;59;95;124.7;47;2400;15;1;1;25-02-2019;07:06
801;73;41;569.6;151;11090;71;17;1;19-09-2018;21:58
802;12;32;280.7;119;5376;14;64;1;13-11-2016;03:40
803;80;83;277.15;26;5491;67;77;1;17-11-2019;20:47
804;31;41;575.6;75;11362;24;42;1;12-10-2019;08:35
805;92;5;543.95;42;10795;34;30;1;28-01-2019;03:43
806;85;11;57.9;129;900;58;38;1;30-05-2016;15:46
807;100;3;550.45;177;10655;92;27;1;10-01-2018;03:32
808;50;37;311.0;180;5860;62;29;1;10-10-2016;08:57
809;59;73;686.65;5;13723;88;80;1;30-04-2017;04:35
810;29;62;452.6;117;8818;13;58;1;03-04-2017;12:06
811;67;6;47.85;127;703;97;16;1;08-03-2018;20:36
812;56;43;485.6;55;9602;55;36;1;15-02-2017;04:46
813;83;57;455.35;175;8757;76;3;1;21-09-2019;05:45
814;21;4;364.8;19;7258;73;83;1;15-02-2018;21:54
815;2;44;133.25;132;2401;57;6;1;18-11-2019;11:27
816;37;76;384.65;142;7409;72;25;1;16-12-2017;15:56
817;39;30;210.85;30;4157;21;57;0;10-11-2018;13:18
818;46;32;558.5;162;10846;79;16;1;11-10-2017;07:31
819;80;13;666.95;106;13127;28;90;1;14-02-2017;21:18
820;47;37;566.65;154;11025;55;21;1;25-05-2017;01:24
821;71;59;743.5;171;14528;39;81;1;19-01-2016;22:25
822;89;40;745.3;33;14840;17;83;1;22-02-2017;21:51
823;81;64;290.9;146;5526;23;40;1;30-06-2016;14:58
824;27;31;665.1;122;13058;51;16;1;07-06-2016;23:47
825;46;78;56.25;151;823;28;85;1;17-12-2019;16:56
826;67;57;210.95;49;4121;65;77;1;22-02-2019;06:42
827;46;82;268.35;142;5083;72;80;1;14-10-2016;14:17
828;82;39;363.75;35;7205;88;89;1;24-01-2019;16:19
829;58;18;81.3;120;1386;32;34;1;30-08-2017;22:08
830;88;20;250.8;172;4672;20;96;1;14-09-2016;22:18
831;8;17;736.5;72;14586;32;37;1;05-03-2016;10:12
832;42;52;742.4;152;14544;89;21;1;13-03-2019;17:19
833;8;23;252.95;41;4977;80;72;1;26-04-2017;22:25
834;35;87;104.35;105;1877;78;14;1;14-04-2016;15:38
835;89;55;456.1;114;8894;61;13;1;02-11-2016;07:16
836;18;46;314.4;88;6112;9;46;1;17-03-2016;19:54
837;69;35;722.55;6;14439;100;52;1;10-12-2018;23:24
838;82;85;191.45;35;3759;90;17;1;04-07-2019;07:24
839;100;82;88.25;127;1511;31;31;1;04-04-2018;13:12
840;47;1;480.35;103;9401;78;100;0;16-01-2016;12:46
841;35;42;48.5;73;824;28;58;1;24-04-2018;02:02
842;42;15;61.3;157;912;21;17;1;08-11-2016;19:40
843;39;81;151.0;40;2940;66;62;1;22-02-2019;22:07
844;8;23;191.1;173;3476;14;83;1;28-06-2017;12:41
845;84;18;500.75;41;9933;39;80;1;22-02-2019;05:40
846;24;8;708.45;129;13911;46;19;1;16-07-2019;14:24
847;53;100;493.0;91;9678;39;69;1;23-01-2017;03:16
848;47;65;671.95;19;13401;11;28;1;01-05-2017;00:27
849;96;58;153.2;74;2916;74;38;1;16-09-2019;22:58
850;93;21;143.15;34;2795;43;94;1;07-12-2016;02:27
851;59;46;413.75;144;7987;85;48;1;06-01-2019;03:08
852;45;93;732.05;32;14577;69;3;1;28-08-2019;12:32
853;86;6;668.75;89;13197;46;52;1;22-07-2017;15:41
854;65;75;701.3;59;13908;40;32;1;23-05-2018;11:11
855;80;12;620.7;47;12320;91;99;1;04-05-2016;01:51
856;19;42;181.25;94;3437;71;60;1;30-08-2018;09:57
857;84;82;280.45;89;5431;5;6;1;02-10-2019;13:20
858;56;69;663.55;159;12953;64;29;1;25-03-2017;07:48
859;69;91;377.8;36;7484;13;45;1;26-03-2018;19:09
860;93;81;204.35;98;3891;96;81;1;09-04-2017;15:30
861;33;12;703.65;6;14061;91;40;1;24-05-2016;12:42
862;38;39;615.25;57;12191;43;76;1;24-09-2017;08:20
863;57;65;677.0;18;13504;44;23;1;04-09-2019;01:35
864;42;86;487.55;65;9621;7;40;1;08-07-2019;21:54
865;6;39;483.95;123;9433;48;20;1;22-01-2017;11:24
866;58;66;71.75;69;1297;29;23;1;24-11-2019;07:40
867;83;18;530.0;27;10546;42;5;1;07-08-2017;23:20
868;79;6;260.75;70;5075;84;8;1;13-11-2016;02:05
869;23;60;441.5;127;8576;91;14;1;07-03-2017;05:34
870;35;8;478.75;111;9353;60;17;1;14-11-2018;15:16
871;94;8;196.75;15;3905;60;85;1;07-05-2018;07:45
872;100;11;105.85;150;1817;19;16;1;04-06-2017;01:49
873;70;3;243.5;161;4548;61;67;1;01-04-2016;23:01
874;10;63;298.9;180;5618;14;38;1;05-04-2016;05:05
875;98;56;579.2;28;11528;74;38;1;02-12-2019;14:31
876;35;83;570.4;77;11254;99;55;1;02-07-2016;02:53
877;18;99;431.0;177;8266;68;59;1;15-11-2019;07:03
878;33;21;753.6;155;14762;67;97;1;12-04-2016;02:01
879;24;2;731.95;60;14519;71;11;1;31-08-2017;07:56
880;92;32;328.8;68;6440;15;95;1;21-12-2016;12:13
881;63;60;30.2;137;330;76;56;1;19-04-2019;12:21
882;29;88;596.35;123;11681;64;68;1;25-09-2016;08:58
883;51;30;465.1;165;8972;22;39;1;16-04-2017;18:37
884;97;20;144.4;57;2774;7;98;1;14-05-2019;09:16
885;71;38;308.95;174;5831;69;60;1;28-01-2016;14:18
886;53;86;347.4;14;6920;36;44;1;16-03-2016;00:17
887;96;34;470.0;92;9216;83;10;1;27-02-2017;18:27
888;5;29;12.85;26;205;23;74;1;09-03-2017;12:48
889;38;97;333.95;104;6471;49;26;1;05-07-2017;14:03
890;37;31;730.15;40;14523;31;10;1;25-11-2016;19:56
891;3;99;54.6;179;734;20;81;1;05-12-2018;03:08
892;87;45;340.1;90;6622;64;82;1;22-02-2018;23:55
893;3;30;566.1;47;11228;9;11;1;14-11-2016;14:46
894;61;62;513.45;26;10217;71;50;1;05-05-2019;17:00
895;19;35;306.25;112;5901;73;62;1;29-09-2017;15:26
896;7;22;269.35;164;5059;16;1;1;28-01-2016;06:53
897;32;1;359.8;56;7084;19;71;1;29-02-2016;20:56
898;94;34;654.7;111;12872;23;51;1;24-05-2019;16:26
899;13;67;613.85;78;12121;78;73;1;12-02-2016;20:28
900;87;26;460.7;88;9038;33;59;0;20-06-2018;19:27
901;35;27;751.45;20;14989;49;70;1;04-08-2018;23:35
902;86;21;684.7;114;13466;96;77;1;13-11-2016;16:34
903;78;5;615.85;8;12301;24;46;1;26-12-2019;12:02
904;27;70;641.1;31;12760;38;43;1;08-10-2017;15:01
905;27;19;737.4;105;14538;67;91;1;02-08-2017;10:44
906;82;62;581.6;57;11518;92;6;1;22-05-2017;07:06
907;92;58;68.85;97;1183;72;92;1;02-11-2019;13:33
908;2;14;186.9;95;3548;10;45;1;27-03-2016;10:12
909;46;91;147.05;124;2693;29;34;1;09-04-2017;09:59
910;12;58;428.5;108;8354;21;11;1;24-05-2019;09:13
911;89;54;646.05;163;12595;19;17;1;15-08-2019;02:09
912;32;72;401.0;89;7842;48;46;1;15-11-2017;11:08
913;36;73;709.8;151;13894;15;33;1;06-03-2016;23:02
914;70;41;347.55;109;6733;79;76;1;21-08-2016;04:34
915;61;23;687.55;96;13559;98;3;1;28-07-2019;18:09
916;47;71;603.0;64;11932;48;18;1;21-10-2016;03:04
917;27;42;120.7;168;2078;5;25;1;22-07-2018;04:54
918;91;60;699.45;143;13703;22;73;1;26-04-2019;03:43
919;70;93;299.8;140;5716;62;63;1;08-09-2017;08:29
920;51;53;222.65;113;4227;11;31;1;08-05-2017;14:38
921;50;6;263.5;36;5198;89;77;1;27-01-2019;22:11
922;4;21;520.2;12;10380;38;95;1;04-04-2018;18:01
923;63;9;388.2;103;7558;2;63;1;08-07-2017;19:52
924;79;94;520.45;118;10173;39;62;1;04-07-2017;23:56
925;29;10;753.05;87;14887;12;39;1;12-12-2016;09:53
926;83;46;75.6;96;1320;64;3;1;30-07-2018;17:23
927;55;74;373.05;115;7231;98;89;1;18-02-2017;21:56
928;74;29;489.75;180;9435;90;17;1;03-03-2018;08:06
929;41;33;493.4;118;9632;79;50;1;27-03-2016;11:09
930;10;17;653.0;56;12948;93;22;1;03-10-2018;16:57
931;54;65;192.6;75;3702;92;70;1;12-12-2017;06:50
932;51;50;411.1;130;7962;11;79;1;18-07-2016;20:05
933;65;5;84.1;155;1372;16;53;1;19-12-2018;22:53
934;79;63;318.25;46;6273;79;97;1;13-12-2017;10:35
935;50;56;573.4;127;11214;30;58;1;31-10-2019;00:27
936;52;54;281.4;103;5422;16;55;1;18-09-2018;17:31
937;32;91;444.1;161;8560;24;97;1;07-05-2017;00:44
938;81;26;174.8;137;3222;94;89;1;28-12-2019;10:21
939;16;6;719.1;84;14214;99;62;1;04-06-2018;09:26
940;90;70;369.15;18;7347;51;29;1;12-11-2019;15:13
941;13;98;707.0;177;13786;6;3;1;24-08-2017;11:04
942;89;71;755.9;140;14838;81;31;1;22-04-2019;00:50
943;56;34;272.15;59;5325;91;5;1;21-07-2019;19:38
944;80;53;474.2;180;9124;11;62;1;22-12-2017;20:22
945;96;23;653.2;133;12798;42;72;1;10-10-2016;08:59
946;96;16;29.5;141;308;8;24;1;21-10-2017;00:08
947;84;17;700.85;62;13893;86;98;1;15-10-2016;16:20
948;98;78;466.2;87;9150;75;26;1;19-01-2016;00:35
949;93;74;519.85;51;10295;24;72;1;20-08-2019;14:19
950;6;68;242.9;33;4792;89;29;1;05-12-2017;09:40
951;52;83;686.85;52;13633;26;1;1;31-03-2019;15:43
952;55;49;348.05;86;6789;33;36;1;25-04-2017;19:54
953;60;74;423.1;69;8324;55;18;1;14-02-2018;13:23
954;22;32;239.65;57;4679;6;40;1;12-05-2018;20:36
955;57;76;280.1;126;5350;72;42;1;08-11-2017;08:50
956;83;61;302.35;118;5811;1;76;0;06-04-2017;10:31
957;98;66;237.65;97;4559;95;77;1;24-02-2016;15:57
958;6;16;94.1;79;1724;62;64;1;11-10-2017;01:36
959;92;2;30.1;56;490;45;68;1;13-11-2017;16:31
960;8;60;690.5;13;13784;10;36;1;02-05-2017;21:38
961;48;68;137.95;72;2615;91;95;1;22-12-2018;06:10
962;12;49;484.65;103;9487;83;57;1;10-04-2018;21:07
963;70;60;701.0;150;13720;77;35;1;09-12-2019;09:18
964;36;45;109.9;98;2002;32;91;1;17-07-2019;08:31
965;39;22;260.55;61;5089;14;4;1;14-06-2019;14:51
966;41;98;114.8;117;2062;31;99;0;02-05-2016;01:15
967;50;61;656.75;18;13099;14;6;1;05-04-2018;21:08
968;56;43;598.8;129;11718;26;38;1;01-02-2018;01:31
969;62;25;384.35;23;7641;75;14;0;15-06-2017;15:47
970;27;92;173.2;73;3318;74;94;1;25-07-2016;04:24
971;8;11;87.55;151;1449;56;72;1;08-06-2016;04:37
972;5;2;502.65;144;9765;68;73;1;06-07-2017;00:09
973;100;97;692.65;83;13687;42;99;1;06-07-2019;09:13
974;72;15;101.65;49;1935;23;77;1;31-03-2016;03:17
975;95;94;596.8;93;11750;1;26;1;26-08-2017;22:29
976;30;51;727.8;102;14352;62;82;1;20-01-2019;08:29
977;15;6;27.25;57;431;18;93;1;10-04-2017;22:36
978;51;67;689.85;5;13787;63;23;0;24-03-2016;15:23
979;73;67;167.2;31;3282;33;75;1;09-02-2019;10:15
980;87;19;202.5;167;3716;14;60;1;22-06-2017;04:20
981;81;100;86.8;55;1626;19;63;1;09-08-2018;22:40
982;30;33;328.65;167;6239;88;86;1;03-11-2019;10:31
983;45;37;627.8;75;12406;28;21;0;22-08-2017;04:31
984;87;51;566.35;49;11229;24;46;1;19-06-2019;07:24
985;49;75;757.9;180;14798;50;37;1;22-12-2019;00:11
986;83;6;324.9;88;6322;82;25;1;05-11-2017;21:01
987;10;84;725.0;10;14480;52;46;1;01-04-2018;13:12
988;14;3;711.6;166;13900;55;34;1;15-06-2017;11:36
989;22;94;314.5;78;6134;38;35;1;24-11-2019;08:29
990;52;3;692.1;15;13812;30;65;1;27-12-2016;23:51
991;42;96;532.75;110;10435;4;91;1;13-10-2016;09:51
992;5;46;105.05;161;1779;87;40;1;10-09-2019;15:45
993;10;41;92.6;70;1712;1;32;0;12-03-2018;12:03
994;75;4;138.85;172;2433;71;10;1;10-01-2018;09:11
995;77;41;604.5;25;12040;56;54;1;26-08-2018;14:08
996;64;26;569.05;113;11155;87;59;0;25-02-2019;17:09
997;64;27;472.25;137;9171;89;46;1;01-04-2019;13:04
998;84;8;554.9;59;10980;65;53;1;25-09-2018;23:17
999;4;9;267.5;180;4990;99;77;1;11-01-2018;13:45
1000;68;3;227.6;103;4346;20;38;1;14-02-2019;16:25
1001;4;12;610.45;104;12001;89;31;1;17-08-2022;18:47
1002;84;104;579.95;162;11275;15;6;1;11-05-2021;06:51
1003;98;86;414.25;161;7963;49;109;1;10-05-2022;08:56
1004;82;6;124.05;69;2343;55;75;1;09-10-2022;16:03
1005;100;53;44.5;6;878;33;84;1;01-07-2021;16:53
1006;90;87;676.0;139;13242;111;54;1;04-01-2023;18:15
1007;19;36;480.0;117;9366;6;67;1;30-12-2022;17:19
1008;45;34;619.0;139;12102;109;25;1;15-03-2023;10:31
1009;59;40;282.9;154;5350;60;78;1;24-04-2023;08:29
1010;82;92;528.55;6;10559;102;7;1;31-07-2022;01:30
1011;52;70;592.75;148;11559;5;21;1;24-11-2022;15:52
1012;54;6;468.1;89;9184;7;84;1;29-09-2021;16:59
1013;98;15;143.05;99;2663;108;29;1;10-01-2023;12:57
1014;62;26;239.1;102;4578;40;13;0;19-08-2021;21:05
1015;85;90;680.6;31;13550;24;33;1;20-02-2023;17:05
1016;57;11;90.25;169;1467;106;107;1;08-07-2020;21:23
1017;28;5;252.45;114;4821;4;16;1;04-08-2021;02:55
1018;81;33;729.7;120;14354;89;95;1;27-07-2021;17:42
1019;58;99;288.0;135;5490;7;12;1;27-10-2023;21:54
1020;83;31;641.25;8;12809;28;29;1;14-08-2021;13:18
1021;27;89;593.4;160;11548;40;62;1;23-05-2020;03:44
1022;55;85;742.7;91;14672;72;46;1;21-06-2022;00:24
1023;99;53;111.95;86;2067;30;107;1;02-10-2021;09:22
1024;28;27;545.2;77;10750;71;52;1;27-06-2022;13:00
1025;61;90;135.2;7;2690;77;8;1;03-11-2020;15:17
1026;95;104;103.4;48;1972;10;95;1;05-02-2022;16:29
1027;101;107;625.5;128;12254;14;31;1;26-02-2020;11:25
1028;85;12;213.0;75;4110;27;75;1;09-04-2023;01:35
1029;56;68;48.4;55;858;24;51;1;03-04-2021;09:04
1030;45;28;527.6;168;10216;55;27;1;03-10-2020;00:52
1031;64;83;571.75;72;11291;91;53;1;21-12-2021;21:07
1032;88;4;614.0;138;12004;93;79;1;02-01-2021;02:36
1033;23;59;229.3;29;4528;7;48;1;20-08-2021;02:03
1034;25;74;442.75;145;8565;4;25;1;09-07-2022;23:22
1035;40;31;288.4;175;5418;106;8;1;27-10-2020;07:13
1036;44;45;740.2;118;14568;11;72;1;05-10-2023;00:06
1037;106;41;281.15;7;5609;16;52;1;05-01-2022;22:42
1038;107;49;733.2;38;14588;15;47;1;07-05-2021;09:26
1039;12;7;618.85;28;12321;96;39;1;09-04-2020;22:18
1040;95;9;83.05;155;1351;74;27;1;18-01-2021;19:59
1041;2;52;177.15;42;3459;43;28;1;25-08-2020;01:59
1042;86;37;488.2;122;9520;79;48;1;19-12-2021;07:38
1043;107;83;406.1;168;7786;79;10;1;17-04-2022;08:45
1044;17;101;535.3;103;10500;22;5;1;26-02-2022;14:35
1045;86;50;398.75;171;7633;80;83;1;28-09-2023;22:05
1046;5;106;760.15;138;14927;35;71;1;18-09-2021;02:47
1047;72;4;423.1;112;8238;108;78;1;05-05-2021;22:04
1048;17;33;623.55;158;12155;30;24;1;11-10-2020;14:20
1049;78;24;287.1;29;5684;88;84;1;20-03-2021;04:15
1050;75;71;575.7;85;11344;81;24;1;14-08-2023;04:14
1051;44;65;700.6;42;13928;38;92;1;01-08-2020;06:16
1052;1;52;648.55;35;12901;97;62;1;07-06-2020;22:04
1053;53;79;325.5;73;6364;52;110;1;20-01-2021;05:44
1054;83;100;206.7;161;3812;87;41;1;21-08-2022;04:29
1055;27;96;631.6;174;12284;23;37;1;03-09-2021;12:44
1056;13;87;546.25;180;10565;58;74;1;15-07-2020;00:20
1057;35;56;486.15;122;9479;3;50;1;22-01-2021;03:03
1058;95;72;410.65;156;7901;70;21;1;12-04-2022;22:40
1059;77;63;697.05;165;13611;30;58;1;29-04-2023;09:49
1060;40;16;77.4;154;1240;76;86;1;29-06-2022;10:40
1061;6;70;383.8;14;7648;65;13;1;03-06-2022;08:56
1062;25;39;564.7;84;11126;74;49;1;09-11-2020;14:17
1063;105;18;100.9;132;1754;42;14;1;03-06-2020;12:36
1064;102;77;726.5;68;14394;72;79;1;24-09-2020;23:39
1065;102;56;383.2;21;7622;82;31;1;09-05-2020;04:37
1066;106;60;570.05;170;11061;93;31;1;23-07-2023;16:28
1067;5;34;561.35;69;11089;24;107;0;29-11-2022;23:21
1068;53;33;95.55;75;1761;25;34;1;03-12-2021;12:44
1069;58;14;697.9;171;13616;91;62;1;15-04-2023;23:29
1070;17;110;443.8;13;8850;76;3;1;01-07-2020;20:52
1071;27;54;665.9;171;12976;101;77;1;05-07-2022;09:06
1072;62;27;206.95;78;3983;89;31;1;19-08-2023;09:49
1073;32;32;388.1;43;7676;39;20;1;07-02-2020;17:45
1074;70;106;61.95;123;993;57;62;1;15-07-2020;17:17
1075;71;93;579.05;114;11353;51;97;1;26-05-2023;02:32
1076;39;8;297.4;76;5796;106;40;1;10-12-2020;05:41
1077;68;104;256.4;145;4838;102;9;1;20-02-2021;17:15
1078;103;2;145.9;51;2816;43;95;1;07-08-2021;03:06
1079;65;104;477.0;162;9216;90;21;1;12-06-2020;23:51
1080;18;95;368.15;29;7305;79;81;1;10-08-2023;02:14
1081;81;72;358.25;171;6823;50;105;1;13-07-2022;21:53
1082;50;84;384.1;78;7526;22;104;1;12-01-2022;08:18
1083;88;38;210.2;99;4006;38;62;1;26-06-2020;02:48
1084;86;12;272.1;46;5350;54;97;1;10-10-2022;19:45
1085;11;21;700.25;104;13797;49;83;1;20-06-2022;16:28
1086;15;20;496.5;164;9602;86;43;1;29-07-2021;07:36
1087;44;73;685.85;176;13365;43;67;1;24-11-2022;00:59
1088;25;65;101.85;23;1991;27;85;1;13-03-2021;19:19
1089;86;73;254.1;5;5072;64;60;1;15-03-2020;09:08
1090;24;68;680.0;13;13574;52;42;1;16-08-2021;15:40
1091;108;31;35.15;75;553;111;23;1;19-02-2021;06:32
1092;30;46;294.0;121;5638;68;38;1;30-10-2020;02:54
1093;107;94;484.4;101;9486;29;4;1;26-08-2022;07:31
1094;89;91;584.5;115;11460;12;64;1;16-02-2022;11:13
1095;26;31;573.5;159;11152;15;39;1;29-03-2020;19:04
1096;21;40;359.65;148;6897;82;63;1;17-04-2020;13:38
1097;68;86;560.65;127;10959;13;76;1;07-12-2022;02:48
1098;48;98;294.65;48;5797;44;23;1;17-12-2021;05:29
1099;24;102;46.65;13;907;79;53;1;05-06-2023;10:32
1100;29;95;543.45;175;10519;81;18;1;20-02-2021;20:26
