rental_id;start_station_fk;end_station_fk;cost;rent_time;distance;vehicle_fk;user_fk;correct_putting;date_of_start;time_of_start
1;29;12;209.7;50;4094;42;24;1;03-12-2019;21:13
2;76;94;65.2;7;1290;66;70;1;11-08-2017;10:34
3;60;36;396.65;80;7773;44;30;1;13-06-2016;03:13
4;98;19;285.1;61;5580;84;57;1;21-11-2019;21:54
5;83;74;363.3;82;7102;45;34;1;12-12-2019;20:25
6;58;29;512.9;95;10068;64;42;1;31-01-2018;05:43
7;49;35;564.05;52;11177;11;71;1;22-11-2017;15:26
8;70;27;74.8;35;1426;70;11;1;31-01-2017;01:58
9;20;76;704.95;161;13777;45;74;1;17-11-2018;16:32
10;38;54;243.8;145;4586;83;82;1;04-05-2019;13:56
11;5;43;425.75;52;8411;79;84;1;23-08-2017;19:16
12;24;22;222.0;28;4384;93;47;1;24-08-2019;14:54
13;38;25;578.85;11;11555;11;3;1;31-10-2019;05:32
14;21;45;72.5;80;1290;89;63;1;23-11-2018;16:35
15;23;6;406.75;172;7791;66;86;1;22-10-2019;02:56
16;44;49;58.15;22;1119;56;25;1;19-09-2019;11:08
17;66;14;571.75;76;11283;90;89;1;21-12-2019;22:44
18;58;51;69.75;149;1097;59;87;1;21-04-2017;12:36
19;43;29;720.8;27;14362;36;99;1;06-01-2018;21:08
20;48;77;249.0;117;4746;76;97;1;02-11-2017;15:52
21;74;28;285.0;52;5596;18;15;1;07-03-2019;09:15
22;49;48;210.9;45;4128;49;36;0;29-12-2017;07:33
23;44;6;197.8;175;3606;27;72;0;01-07-2019;12:53
24;51;33;496.6;5;9922;23;30;1;11-02-2017;03:08
25;86;70;119.0;68;2244;8;2;1;04-01-2018;22:43
26;74;51;67.2;171;1002;23;61;1;12-11-2019;03:48
27;72;48;108.7;18;2138;47;47;1;02-12-2018;02:18
28;77;90;171.45;21;3387;52;7;1;13-05-2017;10:10
29;25;10;260.7;137;4940;56;30;1;15-05-2017;20:45
30;24;70;470.0;50;9300;73;42;1;11-01-2018;16:03
31;72;67;126.35;17;2493;92;82;1;08-03-2019;21:02
32;81;61;635.0;88;12524;47;19;1;02-07-2019;23:14
33;35;31;549.65;15;10963;52;30;1;06-04-2016;03:55
34;70;6;46.7;160;614;34;33;1;25-06-2017;15:27
35;45;91;682.25;93;13459;26;46;1;04-10-2016;03:27
36;82;91;206.75;41;4053;86;75;1;09-07-2019;11:19
37;72;16;565.55;85;11141;21;97;1;12-01-2019;21:39
38;31;38;46.55;50;831;33;32;1;30-08-2016;13:11
39;37;21;643.45;172;12525;53;40;1;09-11-2019;00:14
40;86;10;305.3;95;5916;94;58;1;09-10-2018;04:57
41;34;98;42.5;119;612;78;69;1;21-11-2019;04:44
42;96;97;381.2;32;7560;34;56;1;21-07-2017;09:28
43;31;80;681.25;168;13289;16;20;1;01-09-2019;14:14
44;42;39;302.75;49;5957;98;92;1;02-05-2016;01:50
45;89;97;656.4;9;13110;15;11;1;09-07-2016;12:07
46;78;28;444.25;138;8609;83;26;1;18-05-2017;16:42
47;100;45;204.5;77;3936;91;46;1;15-06-2018;15:13
48;100;21;305.25;131;5843;80;38;1;05-03-2018;14:12
49;9;18;640.8;97;12622;77;55;1;23-11-2019;02:39
50;54;51;219.15;106;4171;91;81;1;28-05-2018;05:07
51;67;57;354.05;63;6955;49;48;1;12-02-2018;21:56
52;64;52;723.15;153;14157;34;52;1;03-10-2016;20:53
53;95;38;302.15;171;5701;14;68;1;09-04-2019;01:45
54;74;78;529.2;177;10230;44;36;1;14-09-2019;22:17
55;72;69;722.4;167;14114;33;7;1;01-08-2019;06:01
56;45;98;465.6;163;8986;16;31;0;11-12-2019;17:43
57;46;34;692.6;96;13660;85;36;1;14-09-2016;00:44
58;74;68;488.5;52;9666;7;47;1;29-08-2017;10:12
59;56;27;64.8;76;1144;41;45;1;03-04-2018;17:47
60;95;55;118.65;37;2299;74;89;1;11-03-2016;15:34
61;24;35;163.65;97;3079;59;95;0;30-09-2018;10:32
62;89;83;470.45;130;9149;52;54;1;12-10-2018;22:06
63;43;78;268.4;132;5104;89;86;1;10-08-2016;09:21
64;9;54;589.9;133;11532;96;8;1;27-05-2019;14:57
65;11;34;277.55;90;5371;60;81;1;05-05-2018;08:15
66;12;3;37.6;161;430;98;71;1;30-07-2017;20:03
67;7;12;566.45;65;11199;55;44;1;01-03-2018;04:03
68;45;56;232.9;113;4432;50;48;0;06-07-2019;15:00
69;16;56;338.6;16;6740;91;61;1;04-03-2018;18:05
70;27;94;613.8;6;12264;4;93;1;24-12-2017;21:24
71;94;70;42.3;35;776;88;92;1;19-09-2016;10:22
72;100;94;335.25;85;6535;14;15;1;28-05-2018;13:33
73;14;76;457.55;158;8835;28;87;1;05-03-2019;04:10
74;49;78;755.7;146;14822;97;11;1;17-10-2018;23:11
75;80;100;172.0;81;3278;51;25;0;18-02-2016;11:25
76;18;39;283.1;43;5576;5;77;0;08-10-2019;11:16
77;6;44;26.15;161;201;52;87;1;08-08-2016;17:00
78;3;26;376.85;101;7335;26;39;1;06-07-2018;09:49
79;89;71;34.8;123;450;93;8;1;22-09-2017;20:37
80;53;8;37.45;123;503;69;69;1;01-10-2016;07:29
81;51;91;191.45;47;3735;51;40;1;14-07-2018;06:55
82;2;6;692.5;174;13502;87;95;1;05-03-2017;05:52
83;35;2;552.55;137;10777;53;32;1;19-10-2017;07:27
84;59;61;202.6;163;3726;21;3;1;20-08-2016;09:01
85;90;80;729.0;133;14314;69;76;1;23-05-2017;13:45
86;84;18;716.85;96;14145;19;61;1;12-01-2018;23:06
87;78;5;514.0;40;10200;36;94;1;08-06-2018;21:37
88;84;22;60.1;51;1100;54;40;1;16-04-2019;00:15
89;2;24;641.0;68;12684;25;81;1;15-12-2017;02:17
90;95;42;396.6;32;7868;59;70;1;27-10-2016;20:28
91;17;67;122.25;27;2391;14;19;1;30-06-2018;18:43
92;2;38;589.5;147;11496;52;23;1;20-02-2017;03:25
93;43;38;493.65;132;9609;62;16;1;15-09-2016;12:51
94;75;37;108.0;84;1992;85;19;1;07-03-2016;16:46
95;84;78;296.95;51;5837;35;68;1;08-10-2019;23:26
96;82;95;344.4;5;6878;27;82;1;02-12-2016;07:25
97;32;52;609.45;88;12013;62;32;1;26-06-2016;02:29
98;96;70;148.35;123;2721;65;64;1;27-09-2017;14:06
99;85;76;95.5;171;1568;37;79;1;23-10-2016;15:58
100;91;17;269.95;5;5389;86;34;1;25-10-2019;22:13
101;1;62;501.65;168;9697;84;52;1;18-08-2019;10:30
102;39;85;502.25;97;9851;85;95;1;11-01-2019;16:02
103;39;47;367.75;89;7177;12;82;1;25-07-2016;02:51
104;87;34;205.2;64;3976;90;33;1;08-08-2019;06:28
105;83;72;221.65;40;4353;41;16;1;07-11-2016;19:23
106;73;53;633.65;128;12417;70;43;1;29-04-2019;13:10
107;86;45;119.2;70;2244;80;49;1;21-04-2018;01:28
108;27;83;64.25;83;1119;39;59;1;16-04-2016;18:00
109;59;25;132.6;96;2460;30;1;1;11-01-2017;06:29
110;14;95;50.15;20;963;88;61;1;17-09-2018;06:00
111;80;69;27.6;45;462;67;62;1;02-11-2018;00:36
112;47;83;456.05;101;8919;2;87;1;06-03-2019;17:06
113;12;47;311.3;33;6160;92;62;1;04-11-2018;21:40
114;57;83;576.2;52;11420;47;79;1;27-01-2016;10:24
115;48;100;178.15;79;3405;10;41;1;20-01-2018;08:54
116;38;55;295.7;43;5828;88;56;1;20-10-2016;19:23
117;81;50;53.8;88;900;2;98;1;14-04-2016;10:33
118;72;91;557.75;22;11111;37;86;1;07-04-2016;07:02
119;42;90;719.6;127;14138;33;7;1;18-03-2016;02:37
120;21;17;218.3;125;4116;96;31;1;30-03-2016;22:07
121;31;39;631.1;149;12324;68;12;1;01-05-2017;00:34
122;9;100;514.95;137;10025;4;70;1;25-09-2019;06:13
123;73;6;752.35;176;14695;47;38;1;20-01-2017;19:14
124;71;26;745.75;52;14811;84;18;1;21-09-2017;17:26
125;29;87;598.7;143;11688;77;5;1;06-01-2016;08:39
126;19;6;35.2;44;616;70;77;1;20-10-2016;22:03
127;64;52;444.05;59;8763;60;80;1;28-08-2019;11:45
128;100;38;281.8;22;5592;9;75;1;06-06-2019;00:13
129;49;27;57.55;20;1111;61;84;1;25-03-2019;06:31
130;11;69;107.25;11;2123;80;34;1;04-06-2019;03:15
131;59;24;538.05;5;10751;47;82;1;13-05-2016;18:11
132;14;71;102.2;97;1850;55;38;1;21-11-2019;17:03
133;34;44;576.0;94;11332;95;41;1;24-04-2019;22:19
134;69;49;290.05;74;5653;91;5;1;30-08-2016;10:40
135;71;56;87.85;58;1641;11;93;1;21-09-2017;00:09
136;63;27;593.85;167;11543;13;74;1;16-10-2016;23:44
137;83;50;348.1;69;6824;89;65;1;09-10-2016;19:02
138;48;75;380.0;116;7368;96;22;1;24-06-2017;08:45
139;40;68;446.25;24;8877;79;17;1;24-12-2016;13:14
140;13;17;642.7;179;12496;16;89;1;04-10-2016;12:01
141;94;5;676.6;79;13374;89;56;1;24-01-2018;00:31
142;26;91;228.65;139;4295;88;13;1;15-04-2016;20:16
143;80;33;67.2;151;1042;75;9;1;07-12-2017;22:09
144;5;78;267.1;128;5086;58;48;1;11-05-2016;20:23
145;23;39;563.55;23;11225;47;61;1;22-01-2016;07:09
146;84;58;759.85;103;14991;56;85;1;05-01-2017;16:20
147;40;56;208.25;100;3965;49;48;1;07-05-2018;11:56
148;14;56;518.2;156;10052;89;70;1;28-11-2017;21:52
149;67;79;372.9;18;7422;1;1;1;11-04-2019;11:05
150;6;40;218.45;169;4031;63;85;1;06-05-2019;09:35
151;65;6;240.85;100;4617;14;1;1;14-08-2016;04:58
152;88;54;243.3;108;4650;16;73;1;27-11-2018;07:26
153;80;28;511.15;123;9977;47;40;1;07-02-2018;07:03
154;13;1;701.3;145;13736;29;89;1;04-12-2019;11:17
155;47;40;755.8;176;14764;6;43;1;28-04-2018;04:41
156;85;71;663.95;104;13071;73;35;1;02-01-2016;19:23
157;84;22;377.2;15;7514;61;12;1;22-10-2017;05:27
158;13;50;129.45;173;2243;39;49;0;24-04-2019;05:36
159;25;78;29.25;120;345;63;28;1;30-07-2017;12:43
160;42;89;381.1;144;7334;53;24;1;13-01-2019;06:27
161;73;8;436.95;68;8603;22;6;1;22-06-2019;14:39
162;25;8;535.8;52;10612;65;26;1;13-11-2017;20:23
163;12;9;318.45;130;6109;2;98;1;02-09-2019;02:52
164;3;64;159.55;139;2913;87;91;1;23-02-2019;07:35
165;96;56;322.6;63;6326;54;10;1;07-06-2018;03:40
166;9;92;99.2;148;1688;49;56;1;26-11-2019;01:41
167;26;88;160.15;109;2985;51;23;1;21-11-2019;03:00
168;62;65;324.3;116;6254;32;90;1;05-07-2018;12:08
169;52;21;41.8;17;802;85;37;1;28-03-2016;03:37
170;47;14;212.15;119;4005;40;32;1;03-08-2019;20:28
171;21;24;103.2;52;1960;7;25;1;07-10-2019;05:03
172;97;3;167.75;32;3291;83;38;1;20-12-2017;14:23
173;31;19;569.85;27;11343;11;91;1;14-10-2017;03:09
174;61;61;192.05;106;3629;47;32;1;05-10-2019;12:24
175;74;90;598.8;23;11930;24;19;1;17-03-2016;23:54
176;70;73;418.2;55;8254;53;85;1;30-04-2018;16:26
177;43;23;219.3;89;4208;61;70;1;17-07-2019;00:05
178;43;60;301.8;146;5744;14;63;1;12-01-2019;19:45
179;46;47;42.95;40;779;78;25;1;04-06-2016;23:34
180;67;27;649.95;26;12947;37;40;1;13-11-2018;12:41
181;87;23;330.45;13;6583;83;48;1;08-12-2018;05:55
182;96;42;67.2;28;1288;69;46;1;20-05-2019;02:07
183;15;14;31.3;165;296;99;99;1;30-09-2019;03:31
184;7;36;114.0;21;2238;14;99;1;27-09-2016;11:26
185;43;81;327.05;179;6183;5;73;1;01-10-2016;05:35
186;72;1;647.55;75;12801;42;73;1;04-06-2019;11:56
187;45;29;77.75;146;1263;40;14;1;19-01-2017;21:31
188;69;97;311.9;139;5960;49;3;1;10-05-2019;01:46
189;36;37;73.4;9;1450;48;38;1;28-10-2016;12:44
190;55;60;348.85;109;6759;49;5;1;17-02-2019;18:20
191;79;51;630.85;112;12393;63;74;1;29-04-2018;10:14
192;87;3;289.55;140;5511;19;97;1;15-03-2016;06:57
193;30;26;75.0;122;1256;76;83;1;07-09-2018;11:47
194;91;13;743.95;170;14539;32;87;1;05-05-2017;21:42
195;42;33;218.65;19;4335;12;99;1;05-03-2017;05:31
196;42;20;432.45;99;8451;21;60;1;24-10-2018;07:32
197;38;26;398.05;83;7795;45;99;1;05-01-2016;12:29
198;96;45;688.7;167;13440;14;89;1;21-08-2016;03:35
199;87;17;718.7;148;14078;30;33;1;12-04-2017;19:53
200;30;20;489.4;115;9558;71;29;1;29-05-2016;22:42
201;57;35;547.45;63;10823;93;20;1;24-06-2017;10:49
202;22;24;573.55;48;11375;16;66;1;29-12-2016;13:07
203;100;14;635.25;174;12357;42;81;1;20-03-2018;17:11
204;93;30;141.35;99;2629;18;34;1;15-12-2018;01:40
205;47;61;450.5;59;8892;68;83;1;18-04-2018;06:51
206;53;21;144.45;62;2765;84;90;1;31-03-2018;01:04
207;43;31;669.25;79;13227;33;18;1;05-08-2019;21:06
208;57;69;503.9;17;10044;84;2;1;14-08-2017;08:15
209;96;22;387.85;119;7519;36;76;1;15-04-2019;02:16
210;94;86;24.0;62;356;61;92;1;10-10-2016;04:48
211;23;3;509.75;47;10101;3;53;1;09-09-2018;01:25
212;51;71;568.1;170;11022;9;46;1;26-10-2016;18:47
213;67;35;616.25;93;12139;19;96;1;04-09-2017;15:48
214;43;5;228.1;67;4428;53;38;1;14-07-2018;19:50
215;52;33;391.7;12;7810;1;10;1;22-10-2019;17:34
216;26;42;763.65;156;14961;26;39;0;13-02-2017;02:34
217;13;38;100.05;126;1749;53;52;1;02-12-2016;11:32
218;94;78;121.35;145;2137;4;95;1;24-02-2016;23:48
219;3;72;599.3;11;11964;64;62;1;21-04-2017;21:13
220;6;93;699.65;83;13827;3;6;1;22-04-2018;08:26
221;20;66;715.1;77;14148;41;62;0;02-06-2019;06:09
222;69;12;520.85;16;10385;36;31;1;25-01-2019;02:39
223;79;17;187.75;118;3519;12;31;1;29-09-2019;18:58
224;5;54;702.05;15;14011;22;21;1;18-01-2017;23:54
225;29;13;585.45;141;11427;89;6;1;21-10-2016;10:18
226;59;41;685.75;89;13537;10;41;1;16-07-2018;00:48
227;14;27;535.25;156;10393;81;60;1;04-02-2018;06:06
228;30;75;760.3;179;14848;42;97;1;22-05-2016;22:44
229;42;12;263.8;60;5156;19;79;1;17-01-2016;08:28
230;27;82;550.1;92;10818;3;82;1;14-07-2019;02:43
231;45;17;458.5;5;9160;77;37;1;19-03-2017;11:58
232;95;34;98.65;157;1659;2;57;0;09-10-2017;12:12
233;3;40;625.8;13;12490;60;20;1;15-03-2019;17:10
234;50;27;555.95;35;11049;68;43;1;02-03-2017;20:42
235;35;1;353.6;105;6862;20;62;1;10-12-2016;16:19
236;8;63;576.15;34;11455;73;61;1;22-04-2019;06:07
237;78;96;432.0;180;8280;33;7;1;04-04-2018;19:43
238;74;66;57.5;129;892;8;40;1;26-06-2019;22:57
239;61;22;379.3;149;7288;54;36;1;20-01-2017;22:31
240;17;88;19.75;50;295;69;77;1;11-03-2017;22:02
241;36;38;381.9;163;7312;54;58;0;13-05-2019;13:40
242;95;30;114.0;128;2024;71;76;1;02-09-2017;07:20
243;64;66;437.25;38;8669;8;53;1;05-01-2016;03:19
244;52;78;504.25;177;9731;55;9;1;08-03-2016;10:46
245;69;24;227.0;152;4236;80;93;1;27-01-2019;03:09
246;56;50;576.45;149;11231;84;33;1;11-05-2016;14:58
247;98;38;367.9;88;7182;55;60;0;18-04-2016;16:32
248;66;61;562.6;130;10992;64;23;1;16-12-2018;07:30
249;7;47;97.9;80;1798;3;21;1;23-01-2019;16:44
250;46;75;369.8;141;7114;54;47;1;10-11-2017;02:34
251;54;50;212.1;167;3908;58;54;1;13-12-2018;01:01
252;74;28;206.9;85;3968;34;52;1;02-12-2018;13:26
253;94;34;445.2;66;8772;92;33;1;19-02-2017;00:31
254;19;88;313.15;179;5905;22;62;1;13-08-2016;12:08
255;20;53;36.25;136;453;30;90;1;21-06-2016;19:48
256;99;83;586.5;45;11640;19;80;1;01-03-2019;12:18
257;37;40;626.3;41;12444;51;76;1;07-12-2019;07:31
258;20;14;507.05;15;10111;73;5;1;31-05-2017;08:38
259;48;31;710.35;13;14181;15;87;1;25-09-2018;22:32
260;75;21;308.3;103;5960;77;69;1;15-09-2018;18:39
261;32;50;320.35;160;6087;5;43;1;05-02-2018;20:16
262;62;93;213.25;53;4159;83;74;1;06-05-2017;17:15
263;67;83;137.35;75;2597;12;54;1;19-09-2018;13:11
264;1;63;348.55;124;6723;66;39;1;30-10-2019;19:21
265;1;45;599.1;8;11966;85;43;1;14-03-2017;02:15
266;8;27;683.9;60;13558;48;64;1;23-03-2017;21:29
267;52;21;533.5;112;10446;78;52;1;21-05-2016;19:47
268;70;70;30.55;79;453;19;61;1;04-02-2017;20:11
269;58;84;273.15;125;5213;28;51;1;29-01-2018;02:59
270;16;39;231.8;35;4566;73;57;1;17-08-2018;02:32
271;28;24;155.2;109;2886;94;78;1;27-10-2019;17:18
272;53;11;491.7;128;9578;39;72;1;06-02-2017;21:22
273;81;64;694.95;160;13579;91;29;1;04-08-2016;07:15
274;47;61;298.0;123;5714;9;18;1;04-07-2016;12:46
275;55;66;665.45;175;12959;89;84;1;14-02-2018;00:06
276;56;62;469.7;155;9084;18;54;1;31-10-2017;02:11
277;30;17;423.55;34;8403;8;36;0;16-03-2017;01:25
278;64;44;491.85;39;9759;87;95;1;28-04-2019;08:09
279;30;71;332.25;64;6517;49;49;0;08-02-2017;14:14
280;24;17;480.5;118;9374;25;28;1;13-08-2017;04:39
281;88;16;183.45;82;3505;41;87;1;24-04-2017;23:01
282;82;48;130.65;24;2565;90;98;1;10-05-2018;07:36
283;35;21;294.05;39;5803;42;55;1;30-12-2019;02:51
284;15;23;138.65;156;2461;11;88;1;07-02-2016;02:02
285;14;98;342.65;29;6795;31;29;1;25-03-2018;23:36
286;19;35;46.8;101;734;39;20;1;16-01-2016;05:06
287;11;70;404.25;121;7843;46;6;1;03-07-2019;08:49
288;3;75;513.8;92;10092;30;54;1;24-01-2019;08:06
289;2;52;41.55;100;631;92;96;0;23-04-2019;23:52
290;46;63;722.55;73;14305;26;29;1;31-12-2016;23:04
291;88;26;667.45;125;13099;69;65;1;26-03-2019;21:23
292;65;71;134.95;67;2565;46;74;1;08-04-2016;02:32
293;40;22;186.2;127;3470;95;44;1;01-07-2016;05:45
294;73;22;358.15;43;7077;89;40;1;23-09-2017;08:54
295;47;67;223.8;81;4314;52;66;1;09-04-2018;19:46
296;61;92;529.35;106;10375;68;64;1;20-08-2016;02:57
297;87;2;566.3;127;11072;73;74;1;28-02-2016;18:43
298;72;63;199.6;179;3634;72;91;1;16-02-2016;12:59
299;80;71;415.35;42;8223;60;69;1;24-02-2019;11:00
300;75;44;415.9;109;8100;46;63;1;28-03-2017;20:48
301;27;80;314.45;79;6131;62;48;1;27-09-2018;12:22
302;10;55;238.95;75;4629;63;71;1;08-11-2019;14:14
303;5;100;440.65;81;8651;69;46;1;07-10-2019;21:41
304;77;44;704.65;20;14053;31;18;1;11-06-2019;04:08
305;81;89;476.65;28;9477;48;30;1;21-12-2016;07:48
306;17;37;439.45;83;8623;52;26;1;11-12-2016;15:57
307;40;9;599.4;42;11904;62;4;1;25-11-2017;17:23
308;60;83;643.3;148;12570;88;33;1;01-04-2017;20:04
309;41;39;165.2;99;3106;72;38;1;31-05-2019;07:15
310;38;71;268.85;28;5321;94;29;1;03-03-2019;19:36
311;12;37;389.25;73;7639;63;26;1;10-12-2017;14:31
312;54;17;489.7;174;9446;30;68;1;24-10-2019;18:37
313;60;63;32.55;50;551;35;49;0;15-10-2017;01:14
314;45;64;621.05;169;12083;84;81;0;22-04-2016;20:55
315;62;57;745.35;124;14659;31;5;1;21-09-2018;11:41
316;3;90;627.3;171;12204;80;18;1;18-08-2018;19:22
317;20;27;179.2;91;3402;20;4;1;09-12-2018;12:24
318;52;66;569.9;60;11278;83;89;1;24-08-2019;10:51
319;50;69;417.95;92;8175;17;70;1;13-03-2016;10:09
320;83;63;220.85;180;4057;63;92;0;16-05-2016;22:16
321;78;86;537.25;24;10697;41;100;1;25-01-2019;03:52
322;62;12;196.75;105;3725;10;84;1;26-07-2018;02:21
323;74;88;605.1;127;11848;84;83;1;01-02-2019;04:02
324;41;44;586.4;103;11522;15;50;1;30-03-2016;11:31
325;72;45;224.35;86;4315;22;92;1;10-01-2016;14:49
326;88;42;296.8;143;5650;94;30;1;10-09-2016;15:41
327;2;11;266.8;94;5148;60;51;1;29-09-2018;13:38
328;24;28;655.4;91;12926;37;24;1;14-06-2017;20:31
329;83;70;355.9;23;7072;28;86;1;08-09-2019;22:00
330;25;39;646.35;93;12741;7;24;1;23-02-2018;16:35
331;49;62;394.15;164;7555;64;10;1;23-02-2018;19:27
332;64;84;293.0;28;5804;2;87;1;28-02-2016;14:27
333;3;74;298.5;25;5920;9;90;1;16-06-2017;11:57
334;44;36;39.55;23;745;12;66;1;09-06-2019;23:27
335;53;71;467.55;105;9141;76;15;1;24-08-2016;17:57
336;64;49;466.25;32;9261;28;65;1;19-11-2017;17:42
337;58;56;316.7;112;6110;53;86;1;27-04-2018;12:41
338;1;80;213.5;63;4144;78;60;1;15-11-2019;22:09
339;77;36;598.5;70;11830;61;44;1;05-03-2018;04:41
340;26;71;292.95;161;5537;97;81;1;11-06-2016;21:05
341;41;32;482.65;150;9353;36;81;1;14-07-2017;11:47
342;7;68;624.2;91;12302;30;62;1;10-01-2018;17:24
343;77;90;731.35;21;14585;29;91;1;06-09-2017;00:51
344;35;56;500.45;152;9705;57;95;0;25-03-2019;02:47
345;91;14;162.35;94;3059;25;87;1;03-10-2018;19:29
346;63;95;535.2;147;10410;88;8;1;27-08-2018;00:25
347;41;25;259.65;89;5015;48;8;1;19-02-2017;01:50
348;63;74;688.8;133;13510;43;81;1;14-03-2017;09:36
349;30;91;427.65;104;8345;78;85;1;02-09-2018;15:21
350;12;55;561.9;34;11170;76;38;1;11-04-2019;16:10
351;3;76;457.3;89;8968;53;84;1;13-09-2017;01:19
352;92;74;467.5;14;9322;4;23;0;05-12-2017;19:07
353;31;38;717.95;127;14105;1;29;1;13-08-2019;05:34
354;78;15;673.7;57;13360;97;28;1;12-08-2018;06:06
355;82;1;619.5;94;12202;55;48;1;07-08-2018;12:12
356;8;62;574.95;134;11231;55;51;1;12-07-2019;12:01
357;81;24;90.45;74;1661;62;20;1;18-04-2017;15:09
358;81;95;58.4;46;1076;53;94;1;31-12-2019;17:15
359;65;20;747.05;27;14887;11;72;1;28-01-2018;06:24
360;32;59;351.85;177;6683;25;93;1;28-10-2017;19:51
361;15;59;715.05;126;14049;48;89;1;25-02-2016;12:33
362;96;3;93.5;93;1684;74;68;1;26-01-2016;17:36
363;49;24;468.25;79;9207;87;19;1;27-02-2019;16:08
364;19;64;420.95;29;8361;65;78;1;23-02-2019;05:24
365;52;100;401.4;84;7860;75;11;1;26-11-2016;03:50
366;3;50;68.15;83;1197;20;1;1;04-10-2016;08:21
367;89;81;438.65;30;8713;40;58;1;15-12-2018;20:25
368;49;72;455.65;65;8983;3;10;1;06-03-2018;14:06
369;16;96;34.15;156;371;62;77;0;27-02-2016;22:13
370;17;93;715.0;117;14066;84;66;1;16-04-2016;17:18
371;53;80;381.25;149;7327;32;21;1;09-02-2017;15:23
372;50;51;503.3;107;9852;96;60;1;07-05-2018;13:39
373;100;41;167.55;151;3049;12;71;1;28-07-2018;04:42
374;6;18;755.55;151;14809;99;53;1;14-11-2017;13:50
375;50;48;48.05;13;935;42;27;1;23-12-2016;07:58
376;76;10;291.65;138;5557;88;42;1;15-06-2017;17:37
377;91;62;288.75;46;5683;96;43;1;22-02-2019;06:23
378;43;18;358.9;52;7074;10;71;1;27-04-2019;09:43
379;78;83;680.5;67;13476;31;53;1;20-10-2019;23:39
380;6;98;434.85;23;8651;47;41;1;23-09-2019;14:36
381;18;37;362.05;27;7187;38;46;1;28-04-2018;19:59
382;58;41;763.95;180;14919;48;49;0;21-01-2017;17:49
383;45;23;670.0;12;13376;81;85;1;18-12-2016;14:32
384;89;55;650.7;113;12788;30;33;1;09-11-2018;09:21
385;17;87;240.7;6;4802;33;79;1;28-02-2017;14:18
386;58;2;660.0;141;12918;78;61;1;08-09-2017;20:27
387;55;68;582.05;160;11321;63;38;0;14-08-2016;08:15
388;68;42;711.5;98;14034;59;62;1;30-06-2016;06:26
389;12;57;339.05;117;6547;4;20;1;12-03-2016;19:11
390;87;65;571.9;16;11406;72;77;1;01-02-2018;09:31
391;25;59;584.85;49;11599;97;20;1;19-07-2016;08:51
392;36;84;306.6;53;6026;14;30;1;24-06-2016;10:46
393;10;60;126.65;107;2319;91;13;1;05-06-2017;19:56
394;71;78;455.05;103;8895;74;61;1;11-03-2017;05:43
395;27;36;25.0;139;222;3;32;1;30-03-2017;03:47
396;45;1;429.5;38;8514;47;73;1;28-05-2019;03:34
397;57;17;95.65;35;1843;16;8;1;17-08-2016;21:01
398;70;63;500.6;23;9966;70;55;1;27-08-2016;13:21
399;91;77;464.45;165;8959;94;81;1;22-05-2018;14:22
400;58;66;545.3;131;10644;23;29;1;12-07-2016;14:12
401;46;69;80.5;80;1450;83;43;1;22-07-2018;00:22
402;55;67;250.25;176;4653;41;20;1;22-05-2017;19:11
403;57;96;371.4;153;7122;92;75;1;28-10-2016;21:32
404;50;75;405.05;96;7909;49;18;1;25-05-2017;05:15
405;94;66;725.8;117;14282;86;80;1;17-06-2018;23:05
406;84;65;170.25;40;3325;76;91;1;30-03-2018;07:43
407;40;77;60.9;29;1160;30;13;1;25-05-2016;01:45
408;17;51;699.75;98;13799;76;84;1;15-01-2017;05:05
409;45;19;686.45;97;13535;65;42;1;01-03-2019;05:50
410;26;73;333.65;138;6397;44;13;1;15-07-2019;01:09
411;92;94;684.35;123;13441;8;90;1;14-01-2018;17:16
412;35;80;304.7;31;6032;96;90;1;28-11-2019;16:13
413;64;55;28.45;17;535;45;82;1;09-04-2016;06:09
414;52;71;591.6;109;11614;93;41;1;06-02-2016;18:12
415;68;85;128.45;50;2469;40;17;1;04-10-2017;15:14
416;33;56;549.95;133;10733;64;75;1;12-02-2016;19:49
417;98;25;143.4;129;2610;54;86;1;04-07-2019;07:49
418;17;5;417.6;144;8064;44;24;1;19-07-2018;23:45
419;58;57;155.8;90;2936;53;91;1;25-12-2019;23:14
420;89;96;203.45;157;3755;53;94;1;29-10-2019;10:01
421;81;30;614.6;159;11974;82;9;1;05-11-2017;17:37
422;18;74;653.45;52;12965;94;63;1;15-07-2019;14:49
423;87;44;746.2;91;14742;47;42;1;11-03-2017;01:36
424;33;52;503.15;157;9749;88;63;1;16-06-2018;11:31
425;45;20;329.45;106;6377;80;86;1;29-11-2017;14:17
426;34;30;670.55;169;13073;65;81;1;20-07-2019;16:17
427;50;83;442.55;136;8579;93;39;1;12-02-2019;16:24
428;66;62;685.25;131;13443;37;8;0;04-05-2019;17:30
429;57;61;731.2;118;14388;29;95;1;03-04-2018;11:46
430;18;85;34.0;37;606;19;99;1;06-06-2016;06:51
431;35;6;400.25;150;7705;93;89;1;16-12-2017;21:00
432;60;11;262.1;100;5042;64;87;1;11-06-2016;15:48
433;59;58;346.1;68;6786;81;63;0;04-09-2019;08:26
434;6;12;566.75;64;11207;25;85;1;01-03-2019;06:46
435;77;60;532.95;175;10309;61;34;1;30-03-2019;02:26
436;60;7;264.85;146;5005;48;11;1;01-10-2018;12:12
437;8;77;576.55;132;11267;76;66;0;23-08-2018;04:04
438;79;24;309.7;69;6056;38;2;1;01-09-2017;10:56
439;63;80;542.65;53;10747;2;26;1;29-04-2019;09:23
440;97;46;306.25;15;6095;8;59;1;12-04-2018;22:00
441;84;95;515.55;23;10265;26;92;1;03-05-2019;11:26
442;83;44;457.8;34;9088;57;70;1;30-01-2016;18:43
443;97;72;65.75;97;1121;81;29;1;27-02-2018;02:06
444;42;10;601.2;27;11970;52;49;1;27-05-2016;02:06
445;49;11;30.05;152;297;1;24;1;09-06-2019;00:40
446;14;93;699.45;38;13913;19;67;1;13-02-2016;16:33
447;75;87;563.15;77;11109;83;60;1;24-08-2016;21:56
448;99;15;631.6;49;12534;16;29;1;03-09-2018;09:21
449;31;9;286.1;117;5488;94;76;0;31-10-2018;08:11
450;68;45;134.6;62;2568;79;47;1;06-12-2019;05:19
451;69;18;356.75;122;6891;89;81;1;23-04-2019;00:23
452;51;91;231.8;29;4578;20;44;1;26-06-2018;14:53
453;93;82;97.5;150;1650;52;47;1;19-09-2016;13:37
454;24;13;468.45;178;9013;59;17;0;18-08-2019;00:36
455;50;74;73.5;67;1336;11;88;1;17-07-2017;10:33
456;90;48;128.4;38;2492;64;2;1;19-07-2017;23:21
457;46;62;625.95;48;12423;63;38;1;19-08-2016;08:39
458;76;49;438.35;139;8489;35;99;1;20-03-2016;19:05
459;49;41;117.7;84;2186;81;14;1;28-05-2016;14:51
460;57;75;87.8;127;1502;21;10;1;24-06-2019;12:08
461;62;80;138.25;169;2427;49;97;1;27-02-2019;14:03
462;90;100;90.05;78;1645;72;27;1;13-11-2017;17:47
463;74;38;478.85;152;9273;45;69;1;30-06-2019;13:44
464;89;30;555.15;102;10899;63;12;1;21-05-2018;04:22
465;80;36;564.15;69;11145;79;92;1;26-07-2019;18:41
466;92;7;551.85;109;10819;16;89;0;09-07-2019;16:50
467;78;87;708.35;94;13979;91;80;1;03-11-2018;21:36
468;72;22;663.65;60;13153;54;73;1;27-04-2016;06:08
469;24;54;43.45;170;529;27;24;1;10-09-2019;21:57
470;60;67;436.4;74;8580;36;67;1;19-02-2019;01:09
471;43;59;76.7;26;1482;98;38;1;14-09-2016;01:30
472;39;7;219.45;35;4319;50;59;1;23-10-2019;06:08
473;23;75;122.8;176;2104;56;41;1;21-11-2016;01:00
474;4;92;29.4;112;364;8;19;1;15-05-2019;06:47
475;9;17;247.0;149;4642;14;10;1;04-09-2016;01:20
476;83;66;66.15;97;1129;5;42;1;08-11-2016;21:02
477;19;61;341.7;109;6616;80;86;1;15-03-2018;16:55
478;49;8;652.75;146;12763;94;79;1;13-04-2016;17:21
479;40;96;185.95;55;3609;66;62;1;23-12-2019;23:44
480;18;66;605.6;74;11964;24;92;1;21-11-2018;22:20
481;55;25;178.3;77;3412;67;48;1;19-01-2018;22:25
482;35;4;610.05;10;12181;31;7;1;20-03-2017;23:32
483;70;23;471.7;177;9080;19;76;1;18-05-2017;17:58
484;50;59;103.85;58;1961;40;28;1;08-01-2018;00:33
485;60;33;41.45;30;769;100;23;1;30-06-2016;20:55
486;35;20;397.15;53;7837;21;51;1;22-12-2017;08:16
487;85;92;751.05;23;14975;16;70;1;09-11-2017;06:39
488;32;14;682.6;138;13376;42;80;1;30-01-2018;14:48
489;73;31;719.7;94;14206;90;72;1;14-02-2018;11:54
490;21;21;209.65;95;4003;36;95;1;28-02-2017;12:31
491;43;31;717.25;44;14257;42;83;1;27-01-2016;18:00
492;27;18;116.85;75;2187;28;67;1;04-08-2017;14:44
493;69;60;707.1;43;14056;98;96;1;29-05-2018;01:36
494;11;28;122.5;16;2418;51;41;1;09-03-2017;12:55
495;6;59;105.45;37;2035;25;9;1;21-05-2017;14:53
496;33;88;533.0;25;10610;55;86;1;07-09-2018;04:10
497;77;16;210.55;52;4107;71;1;1;25-11-2016;20:22
498;12;57;430.6;22;8568;68;15;1;05-06-2016;01:38
499;47;90;759.2;179;14826;82;53;1;29-08-2019;10:05
500;53;73;167.35;57;3233;89;46;1;12-12-2017;09:34
501;11;83;669.45;39;13311;59;89;1;29-01-2019;11:28
502;96;81;414.6;173;7946;50;36;1;12-11-2019;21:41
503;67;72;556.85;25;11087;86;45;1;19-02-2016;17:11
504;24;73;501.35;85;9857;72;51;1;30-04-2019;15:25
505;91;82;265.7;13;5288;96;41;1;29-04-2016;21:47
506;31;95;437.3;102;8542;42;6;1;02-01-2017;08:55
507;77;24;138.3;64;2638;61;69;1;08-05-2019;13:56
508;92;40;383.15;31;7601;31;59;1;13-06-2016;19:58
509;90;83;288.1;60;5642;91;86;1;07-03-2016;12:57
510;44;69;194.4;123;3642;70;69;1;20-04-2017;08:14
511;1;22;342.1;102;6638;12;40;0;29-05-2016;22:23
512;87;67;274.6;75;5342;22;62;1;29-02-2016;22:40
513;83;96;158.25;48;3069;43;29;1;09-03-2017;05:26
514;89;86;449.4;104;8780;78;33;0;13-11-2019;17:22
515;52;98;471.3;98;9230;53;38;1;30-09-2018;11:49
516;60;16;607.9;150;11858;62;47;1;09-04-2016;07:38
517;68;46;41.25;156;513;35;56;1;22-10-2017;07:01
518;86;50;500.4;68;9872;58;13;1;08-12-2019;06:44
519;29;89;268.65;166;5041;49;81;1;29-06-2016;09:20
520;36;80;496.5;118;9694;27;88;1;16-06-2018;18:20
521;10;80;533.75;68;10539;38;39;1;13-09-2017;04:47
522;12;52;27.6;133;286;32;23;1;03-04-2016;23:27
523;50;6;35.15;117;469;25;25;1;13-12-2019;08:55
524;91;9;694.9;98;13702;76;97;1;03-12-2018;22:09
525;58;41;605.6;127;11858;87;76;1;17-09-2016;14:44
526;8;7;135.25;83;2539;95;49;1;05-07-2018;14:48
527;79;95;725.75;127;14261;9;67;1;14-09-2019;19:13
528;41;20;197.75;155;3645;50;7;0;05-08-2019;18:59
529;96;88;743.4;16;14836;44;21;1;13-08-2018;01:43
530;22;40;319.85;114;6169;63;90;1;08-06-2019;05:32
531;5;100;271.85;162;5113;76;6;1;08-08-2019;03:47
532;25;76;408.55;138;7895;43;95;1;23-09-2016;06:28
533;70;80;456.7;171;8792;3;40;1;31-07-2018;07:53
534;54;6;408.35;22;8123;81;63;1;30-08-2019;15:45
535;20;67;552.3;40;10966;2;20;1;19-02-2016;17:39
536;83;12;437.1;164;8414;99;52;1;25-12-2016;23:19
537;91;59;309.35;106;5975;61;41;1;07-07-2017;13:28
538;33;42;278.2;51;5462;65;7;0;06-07-2018;16:45
539;58;65;184.15;179;3325;40;18;1;21-08-2016;00:40
540;23;47;168.75;21;3333;96;98;1;15-07-2019;07:55
541;50;20;584.95;82;11535;13;13;1;05-05-2017;17:22
542;19;40;127.6;166;2220;50;98;1;30-12-2017;07:05
543;19;25;587.5;81;11588;70;53;1;06-08-2016;16:11
544;27;32;523.5;156;10158;23;22;1;02-11-2016;01:55
545;84;88;723.5;11;14448;60;95;1;03-11-2017;17:04
546;99;9;577.75;111;11333;87;16;1;28-02-2016;16:46
547;57;42;428.75;102;8371;61;83;1;19-02-2018;14:56
548;64;69;492.5;79;9692;15;30;1;06-02-2018;03:53
549;74;83;459.5;167;8856;68;83;1;15-09-2019;06:24
550;34;34;140.1;65;2672;40;14;1;08-09-2018;09:02
551;16;96;681.6;128;13376;11;34;1;04-01-2019;00:28
552;14;45;386.85;8;7721;14;60;1;14-09-2016;23:16
553;75;36;144.9;136;2626;54;19;1;26-08-2019;00:04
554;88;16;343.75;116;6643;47;12;1;14-04-2017;22:50
555;15;84;253.45;80;4909;78;82;1;07-05-2018;02:45
556;49;30;698.9;59;13860;16;85;1;26-12-2019;18:46
557;89;8;330.4;62;6484;20;51;1;03-08-2018;19:56
558;73;34;26.8;120;296;95;52;1;23-10-2018;19:48
559;80;10;743.4;72;14724;48;63;1;09-01-2017;17:57
560;89;25;559.15;28;11127;8;84;1;13-07-2019;12:40
561;87;2;430.8;164;8288;8;46;0;20-12-2017;22:48
562;35;71;172.7;46;3362;50;47;1;19-09-2018;02:44
563;94;35;99.35;180;1627;45;32;1;23-01-2016;03:15
564;47;38;225.0;32;4436;95;28;1;15-01-2019;08:27
565;49;54;188.8;63;3650;56;54;1;30-07-2016;13:59
566;10;23;316.95;77;6185;73;2;1;30-12-2019;22:46
567;34;58;449.7;71;8852;72;35;0;28-10-2019;19:04
568;78;89;385.2;89;7526;93;31;1;08-09-2016;00:09
569;27;36;486.9;34;9670;41;72;1;28-01-2016;15:09
570;96;14;264.35;79;5129;96;19;1;07-03-2017;13:30
571;99;91;427.5;89;8372;48;85;1;05-07-2018;12:25
572;30;74;742.9;60;14738;51;61;1;08-10-2016;11:00
573;2;56;414.25;89;8107;1;77;1;19-04-2018;05:44
574;100;76;144.1;111;2660;47;48;1;12-06-2018;08:31
575;94;2;143.15;170;2523;100;79;1;16-11-2016;17:41
576;54;91;281.8;156;5324;6;58;1;04-05-2019;11:45
577;95;1;542.45;146;10557;87;28;1;27-01-2019;03:42
578;26;56;148.5;44;2882;39;73;1;23-03-2016;16:13
579;84;79;677.05;76;13389;39;31;1;13-04-2017;16:18
580;12;90;337.15;177;6389;10;87;1;11-01-2017;04:44
581;60;55;473.9;129;9220;50;90;1;11-11-2017;17:53
582;49;62;467.8;67;9222;100;42;1;24-10-2016;21:12
583;72;25;292.3;160;5526;19;15;1;31-08-2019;12:40
584;77;21;165.45;111;3087;3;78;1;22-03-2016;19:56
585;2;96;724.8;151;14194;42;5;1;31-05-2017;05:10
586;40;83;410.05;160;7881;54;77;1;24-07-2019;19:07
587;81;88;521.8;70;10296;84;29;1;21-11-2017;15:48
588;16;47;749.15;31;14921;89;76;1;28-01-2017;18:02
589;33;87;713.4;98;14072;28;97;1;18-02-2018;07:33
590;58;35;584.7;11;11672;68;87;1;27-11-2019;21:49
591;38;5;723.05;168;14125;5;28;1;02-08-2017;17:32
592;88;75;483.7;49;9576;6;21;1;03-09-2019;10:13
593;89;39;539.4;147;10494;29;14;1;18-04-2018;07:09
594;57;73;279.8;126;5344;73;42;1;27-07-2016;12:32
595;11;82;508.1;51;10060;38;37;1;19-12-2016;06:14
596;60;74;451.85;13;9011;44;46;1;22-07-2017;03:06
597;92;23;745.8;169;14578;34;39;1;19-12-2017;20:51
598;24;33;655.4;167;12774;21;18;1;05-04-2017;14:20
599;24;63;47.85;155;647;33;10;1;08-09-2019;19:10
600;23;100;699.5;42;13906;30;87;1;24-03-2017;03:21
601;40;40;669.55;69;13253;20;32;1;04-01-2018;14:58
602;27;67;459.25;41;9103;100;29;1;08-02-2017;06:33
603;43;46;563.25;72;11121;66;74;1;05-05-2017;08:56
604;43;60;38.3;32;702;12;97;1;25-08-2019;05:22
605;55;92;671.9;96;13246;56;23;1;25-08-2017;08:46
606;77;23;657.55;9;13133;11;66;1;01-12-2017;14:44
607;85;7;315.05;25;6251;12;35;1;03-02-2019;17:56
608;67;63;623.75;154;12167;14;20;1;26-11-2018;20:40
609;77;98;439.75;105;8585;35;49;1;06-11-2016;06:34
610;97;70;418.85;113;8151;71;87;1;19-03-2019;22:36
611;99;69;304.45;52;5985;42;58;1;15-12-2016;01:19
612;2;25;606.05;118;11885;56;96;1;29-01-2019;12:00
613;48;51;401.6;91;7850;35;63;1;23-02-2016;07:13
614;15;81;228.8;99;4378;36;39;1;24-05-2018;12:39
615;96;94;304.9;18;6062;32;60;1;17-07-2019;22:44
616;32;42;740.85;166;14485;56;7;1;12-09-2017;11:42
617;59;49;534.75;153;10389;19;37;1;23-05-2018;20:08
618;67;33;33.2;179;306;9;10;1;12-10-2017;07:13
619;64;61;30.7;135;344;92;60;1;25-08-2019;18:02
620;72;84;118.05;129;2103;84;89;1;06-10-2019;21:10
621;54;36;536.25;34;10657;78;83;1;01-10-2016;17:44
622;39;28;300.15;14;5975;51;76;1;14-03-2019;12:54
623;1;3;708.8;36;14104;56;31;1;11-11-2019;14:28
624;41;7;396.45;138;7653;67;41;1;20-09-2017;18:23
625;46;32;595.8;39;11838;43;21;1;10-08-2019;19:34
626;42;47;86.4;11;1706;17;77;1;04-12-2016;00:29
627;25;69;75.55;7;1497;99;70;1;03-01-2018;17:33
628;97;54;273.95;34;5411;56;6;1;23-11-2016;21:11
629;65;80;191.45;137;3555;36;10;1;25-02-2016;02:45
630;76;99;388.2;144;7476;67;77;1;08-08-2019;17:26
631;34;55;201.7;73;3888;47;8;1;02-11-2017;07:13
632;7;64;722.45;160;14129;62;33;0;16-07-2019;19:33
633;78;51;224.9;6;4486;86;86;1;12-01-2019;04:01
634;43;30;307.85;180;5797;70;39;1;08-12-2016;04:10
635;49;81;318.95;40;6299;88;35;1;05-04-2017;17:16
636;6;39;625.5;141;12228;86;26;1;20-04-2019;03:02
637;50;25;202.7;76;3902;80;10;1;01-01-2017;20:25
638;79;29;682.25;52;13541;83;48;1;11-03-2019;02:21
639;43;95;348.65;174;6625;49;22;1;06-02-2019;03:31
640;74;79;185.8;124;3468;36;42;1;28-04-2017;00:25
641;60;45;676.3;116;13294;84;52;1;08-06-2017;15:40
642;72;25;446.7;150;8634;71;9;1;25-04-2016;13:20
643;94;83;333.75;63;6549;6;76;1;29-03-2018;03:37
644;40;24;686.35;57;13613;7;36;1;03-11-2018;12:28
645;87;55;138.25;102;2561;80;69;1;28-11-2016;05:26
646;19;71;234.8;170;4356;98;94;1;22-12-2016;14:45
647;77;68;499.3;33;9920;14;13;1;28-04-2017;11:29
648;29;63;498.4;104;9760;23;63;1;04-11-2018;05:37
649;37;15;152.3;141;2764;14;91;1;05-10-2018;12:12
650;18;47;90.1;131;1540;44;92;1;10-03-2018;23:13
651;68;18;584.8;40;11616;99;60;1;03-11-2019;06:08
652;64;46;507.45;74;10001;43;82;1;11-03-2017;05:32
653;10;86;566.15;118;11087;14;77;1;15-07-2019;00:41
654;16;12;738.2;23;14718;57;3;1;02-12-2019;10:29
655;93;23;364.4;116;7056;54;89;1;21-02-2016;02:29
656;53;62;400.25;165;7675;30;97;1;03-04-2019;22:10
657;68;23;261.9;118;5002;5;73;1;03-12-2017;02:38
658;83;15;263.4;49;5170;40;18;1;07-08-2017;16:20
659;8;35;384.05;40;7601;1;29;1;24-12-2017;06:46
660;32;29;657.1;51;13040;28;64;1;02-10-2018;02:56
661;67;33;474.8;18;9460;69;3;1;10-03-2017;16:05
662;93;90;109.2;157;1870;55;57;1;21-07-2018;18:20
663;65;38;732.6;28;14596;32;27;1;17-09-2016;13:28
664;88;30;402.05;108;7825;16;32;0;18-07-2017;21:12
665;92;32;509.65;131;9931;18;10;1;15-01-2016;15:07
666;85;90;250.0;55;4890;34;9;1;03-01-2017;05:15
667;41;74;610.3;126;11954;3;60;1;25-01-2019;23:30
668;91;58;69.6;57;1278;51;71;1;07-12-2019;14:08
669;58;33;259.7;132;4930;8;8;1;14-01-2019;20:05
670;73;51;756.4;72;14984;30;23;1;02-01-2018;11:40
671;33;71;458.2;159;8846;63;63;1;23-04-2017;23:42
672;74;70;232.7;119;4416;61;70;0;30-07-2017;14:59
673;63;65;585.25;78;11549;66;84;1;21-12-2017;17:57
674;86;57;672.1;78;13286;50;19;1;06-07-2016;16:28
675;73;41;374.75;10;7475;84;60;1;07-06-2017;06:54
676;21;58;631.9;119;12400;5;18;1;18-09-2017;11:34
677;69;96;756.85;127;14883;91;41;1;13-05-2017;17:05
678;31;81;23.25;7;451;55;75;1;16-03-2016;23:15
679;44;92;191.35;90;3647;77;75;1;09-11-2016;03:42
680;24;60;394.15;87;7709;14;93;0;27-08-2016;03:58
681;40;65;620.95;5;12409;91;45;1;28-09-2016;18:49
682;17;75;611.75;77;12081;53;36;1;31-03-2016;05:23
683;69;8;558.85;63;11051;11;61;1;26-08-2018;09:18
684;65;22;497.5;101;9748;77;65;1;22-01-2018;08:09
685;16;45;457.0;111;8918;89;42;1;26-02-2016;15:53
686;94;72;104.2;104;1876;73;77;0;13-08-2018;00:51
687;15;67;663.55;132;13007;51;12;1;29-05-2017;14:37
688;59;46;672.25;162;13121;91;87;1;09-10-2016;08:49
689;18;24;487.4;102;9544;1;48;1;14-01-2018;12:56
690;33;31;583.15;149;11365;71;32;1;11-04-2019;08:27
691;28;31;396.25;94;7737;2;51;1;21-09-2016;16:34
692;35;86;329.6;150;6292;72;22;1;03-07-2016;05:33
693;8;82;637.1;22;12698;58;56;1;27-06-2019;03:28
694;16;47;321.75;75;6285;94;4;1;09-05-2019;02:03
695;46;66;541.55;39;10753;21;65;1;31-07-2017;04:03
696;82;84;195.65;131;3651;99;33;1;18-03-2017;22:14
697;69;22;657.25;156;12833;36;22;1;08-03-2017;16:02
698;49;21;679.15;126;13331;59;72;1;12-03-2017;17:45
699;76;35;246.4;45;4838;85;99;1;20-01-2018;20:11
700;2;53;149.1;124;2734;76;14;1;20-04-2018;15:43
701;37;58;87.9;30;1698;46;14;1;26-09-2016;20:17
702;84;51;481.4;72;9484;9;38;1;18-03-2017;15:03
703;12;34;156.7;48;3038;59;49;1;14-08-2017;18:14
704;79;12;232.8;112;4432;31;84;1;24-12-2017;09:47
705;11;14;283.1;166;5330;22;38;1;05-07-2019;08:05
706;4;81;371.15;88;7247;54;59;1;02-07-2017;16:02
707;39;10;537.5;87;10576;16;76;1;19-11-2017;21:56
708;80;70;24.4;107;274;5;100;1;26-12-2016;20:29
709;54;5;142.35;161;2525;90;30;1;02-11-2018;07:20
710;63;45;710.35;94;14019;13;77;1;11-02-2016;09:20
711;91;21;611.55;136;11959;57;8;1;24-01-2019;06:13
712;21;62;126.75;124;2287;21;41;1;18-12-2016;18:46
713;51;72;293.55;76;5719;32;48;1;29-07-2018;07:15
714;49;37;477.7;152;9250;49;24;1;30-07-2018;16:26
715;39;27;312.45;27;6195;80;92;1;05-08-2017;10:24
716;98;2;482.4;178;9292;30;49;1;21-11-2017;01:49
717;27;60;718.85;158;14061;46;1;1;01-05-2018;16:21
718;24;53;119.65;109;2175;52;27;1;02-07-2018;17:42
719;70;54;342.4;165;6518;52;72;1;26-04-2019;01:56
720;89;58;451.75;167;8701;15;12;1;03-05-2016;13:39
721;44;84;107.0;77;1986;16;89;1;13-11-2019;01:45
722;27;99;260.85;34;5149;38;100;1;14-09-2019;16:05
723;23;84;339.65;69;6655;15;16;1;31-07-2018;02:35
724;13;79;435.35;16;8675;54;91;1;04-12-2016;07:50
725;27;94;282.35;103;5441;31;11;1;15-06-2017;08:48
726;34;95;637.4;23;12702;59;53;1;21-07-2016;03:40
727;25;51;247.65;8;4937;95;15;1;21-12-2016;18:44
728;7;94;256.85;82;4973;5;2;1;28-06-2018;14:02
729;96;22;283.55;54;5563;91;45;1;05-11-2016;01:11
730;42;71;642.05;20;12801;90;53;0;11-02-2016;20:45
731;36;80;642.55;95;12661;38;66;1;15-06-2017;00:33
732;5;50;256.65;51;5031;37;5;1;13-07-2017;02:25
733;81;47;464.95;104;9091;92;2;1;11-03-2017;14:46
734;76;73;252.45;33;4983;52;10;1;19-07-2016;23:26
735;47;44;93.9;171;1536;74;41;1;12-07-2016;02:19
736;35;80;608.2;172;11820;52;75;0;16-02-2019;17:57
737;25;23;191.35;76;3675;18;92;1;11-07-2018;01:35
738;86;10;50.2;113;778;14;47;1;31-07-2018;21:48
739;87;9;285.8;124;5468;82;65;1;07-07-2017;16:03
740;83;58;188.3;77;3612;86;69;1;10-06-2018;11:14
741;12;65;594.25;108;11669;81;1;1;04-04-2016;11:30
742;51;48;154.95;30;3039;88;62;1;01-08-2017;22:29
743;18;84;84.55;65;1561;88;93;1;02-03-2016;10:06
744;89;73;353.1;125;6812;47;2;1;17-01-2019;20:42
745;6;6;487.4;179;9390;64;72;1;04-11-2017;10:46
746;18;49;709.2;42;14100;40;25;1;04-06-2018;01:27
747;17;66;145.3;111;2684;76;81;1;02-09-2017;22:42
748;47;73;426.8;117;8302;12;16;1;18-01-2019;08:04
749;11;74;523.3;100;10266;29;81;1;04-12-2019;23:37
750;22;40;311.2;91;6042;28;12;1;11-03-2016;03:06
751;9;28;63.25;124;1017;36;12;1;26-07-2019;06:02
752;89;63;146.15;21;2881;67;37;1;22-02-2018;20:09
753;62;88;624.2;57;12370;13;45;1;30-05-2019;17:18
754;80;63;59.85;10;1177;97;86;1;04-10-2018;13:00
755;14;27;297.8;51;5854;88;70;1;06-02-2019;20:08
756;78;41;688.6;114;13544;29;98;1;28-08-2016;17:11
757;2;34;297.2;42;5860;7;14;1;16-12-2018;16:10
758;78;85;490.55;6;9799;97;9;1;06-11-2019;00:53
759;44;49;705.9;36;14046;71;66;1;01-03-2019;10:12
760;86;97;692.35;75;13697;76;77;1;30-12-2018;13:19
761;1;11;606.75;112;11911;1;21;1;19-07-2016;22:35
762;26;72;383.95;60;7559;10;73;1;11-02-2018;07:45
763;90;16;693.1;17;13828;10;3;1;14-09-2017;11:36
764;75;22;378.9;159;7260;98;92;1;01-10-2018;12:54
765;97;47;488.25;47;9671;45;16;1;06-10-2016;07:07
766;55;91;766.05;177;14967;46;3;1;26-03-2018;15:54
767;23;75;380.6;19;7574;27;3;1;22-12-2019;23:33
768;73;60;26.7;162;210;18;54;1;06-07-2018;11:41
769;20;97;346.95;126;6687;38;73;1;19-03-2016;20:21
770;26;60;239.7;41;4712;65;72;1;03-12-2019;11:32
771;75;18;28.6;63;446;22;36;1;15-10-2019;10:07
772;40;89;152.35;81;2885;50;74;1;28-09-2017;03:30
773;89;54;155.6;143;2826;95;88;1;10-06-2019;22:56
774;40;92;567.0;167;11006;65;66;1;26-03-2016;15:46
775;56;68;178.25;89;3387;27;58;1;09-02-2018;20:11
776;66;99;164.25;52;3181;89;34;1;26-04-2018;23:59
777;79;99;234.25;175;4335;30;86;1;10-08-2016;01:17
778;51;10;698.15;180;13603;11;75;1;29-08-2016;18:54
779;30;57;252.0;13;5014;85;34;0;07-04-2016;13:58
780;40;58;759.25;116;14953;74;61;1;25-01-2017;01:06
781;55;90;490.1;145;9512;62;76;1;08-04-2016;22:28
782;36;69;446.9;70;8798;85;68;1;07-11-2016;00:23
783;47;43;611.25;28;12169;89;61;1;10-08-2018;00:58
784;41;40;717.8;26;14304;98;1;1;19-03-2019;04:53
785;24;27;152.7;27;3000;3;88;1;30-10-2017;23:07
786;21;19;524.6;69;10354;9;90;1;08-06-2016;16:33
787;22;12;223.6;135;4202;86;76;1;24-07-2016;13:56
788;91;66;613.2;39;12186;40;64;1;03-12-2017;06:45
789;94;70;540.95;152;10515;54;20;1;01-09-2018;20:39
790;60;36;108.0;129;1902;62;24;1;26-09-2018;07:39
791;89;45;417.35;93;8161;80;40;1;14-11-2017;13:28
792;50;52;447.15;100;8743;34;86;1;17-12-2019;19:35
793;69;1;422.45;39;8371;45;78;1;29-09-2018;14:07
794;52;71;414.3;100;8086;19;23;1;27-06-2016;07:52
795;61;56;244.55;149;4593;38;54;1;26-02-2019;09:22
796;100;40;724.2;72;14340;43;23;1;24-12-2018;20:11
797;65;42;635.05;48;12605;33;83;1;01-04-2017;12:20
798;8;99;713.55;51;14169;54;84;1;19-12-2018;06:37
799;20;21;728.9;76;14426;38;63;1;10-12-2018;00:43
800;21;25;629.5;41;12508;9;82;1;19-10-2018;06:50
801;14;7;682.4;71;13506;65;12;1;24-04-2019;11:59
802;26;97;426.4;141;8246;43;37;1;27-03-2019;11:16
803;57;69;73.65;66;1341;68;16;1;10-08-2019;13:30
804;39;23;52.65;166;721;6;73;1;21-03-2019;05:11
805;30;72;447.05;39;8863;61;79;1;30-12-2018;01:52
806;68;12;329.25;150;6285;34;96;1;08-07-2016;13:46
807;71;94;487.85;147;9463;85;37;1;13-05-2017;15:08
808;20;74;708.35;58;14051;82;54;1;25-10-2016;17:37
809;13;81;272.25;97;5251;29;31;1;17-12-2017;06:25
810;42;98;332.7;176;6302;15;55;1;01-01-2018;15:25
811;63;6;491.6;32;9768;33;17;1;17-04-2016;23:22
812;86;53;459.15;161;8861;13;85;1;12-01-2019;23:49
813;80;16;423.35;164;8139;99;61;1;22-10-2018;10:33
814;70;81;218.55;152;4067;15;79;1;26-11-2017;16:29
815;45;71;559.35;70;11047;88;64;1;15-02-2017;22:14
816;4;35;612.15;165;11913;63;41;1;29-06-2016;20:05
817;44;11;342.8;38;6780;42;24;1;25-10-2019;13:22
818;69;53;477.85;105;9347;68;99;1;08-05-2017;08:05
819;68;80;396.85;152;7633;61;66;1;15-06-2017;05:06
820;5;90;508.8;42;10092;9;14;1;29-05-2017;20:16
821;68;92;647.4;51;12846;92;9;1;29-08-2016;18:45
822;8;9;124.0;38;2404;29;76;1;28-06-2018;06:18
823;59;53;386.55;64;7603;4;86;1;26-07-2017;18:14
824;66;4;561.1;39;11144;65;6;1;22-08-2017;09:00
825;99;86;300.9;82;5854;1;29;1;06-08-2019;12:33
826;66;78;761.5;171;14888;6;75;1;21-09-2018;14:52
827;81;73;152.0;96;2848;25;93;1;23-09-2019;00:14
828;50;98;749.95;126;14747;38;9;1;13-11-2017;02:11
829;78;39;191.8;83;3670;100;90;1;05-12-2019;04:18
830;86;81;216.65;153;4027;39;73;1;15-01-2018;04:01
831;41;92;514.65;107;10079;36;99;1;10-01-2016;18:51
832;17;22;461.85;60;9117;40;72;1;08-05-2019;18:35
833;78;39;108.55;56;2059;41;6;1;22-01-2017;19:36
834;26;55;471.3;165;9096;63;70;0;09-11-2019;08:45
835;54;11;170.9;155;3108;15;91;1;12-03-2018;13:49
836;50;53;461.6;152;8928;84;77;1;14-04-2019;04:57
837;63;22;687.0;36;13668;97;10;1;21-07-2019;01:15
838;26;23;269.05;100;5181;68;14;1;22-09-2019;05:25
839;56;93;215.45;114;4081;25;60;1;06-03-2019;20:21
840;38;46;428.2;161;8242;74;50;1;18-04-2018;07:36
841;75;53;128.5;81;2408;63;78;1;30-06-2016;14:32
842;85;61;26.65;109;315;1;88;1;27-05-2019;17:12
843;6;46;85.55;100;1511;72;94;1;24-08-2019;01:06
844;48;96;173.35;86;3295;50;74;1;25-03-2018;17:58
845;20;11;425.75;165;8185;98;98;1;19-01-2019;18:44
846;60;90;48.85;104;769;88;63;1;10-10-2018;22:46
847;84;81;265.3;20;5266;26;94;1;20-04-2018;15:22
848;96;50;701.4;85;13858;38;70;1;21-02-2017;01:02
849;81;52;367.15;136;7071;66;100;1;12-10-2016;11:01
850;30;57;333.95;147;6385;26;67;1;10-06-2017;10:09
851;5;10;339.4;67;6654;50;10;1;13-09-2019;14:15
852;52;21;180.55;140;3331;34;16;1;03-08-2017;12:39
853;42;94;520.0;41;10318;51;51;1;08-10-2018;09:48
854;53;52;673.3;117;13232;38;58;1;04-10-2016;20:56
855;78;54;596.65;53;11827;37;64;1;19-03-2019;20:17
856;24;86;734.8;140;14416;31;79;1;20-08-2019;02:57
857;5;46;475.55;138;9235;74;57;1;22-11-2019;19:05
858;5;97;653.45;35;12999;28;57;1;22-06-2019;03:20
859;36;76;542.6;96;10660;71;100;1;10-01-2017;23:56
860;11;61;693.75;79;13717;59;3;1;05-12-2017;12:04
861;78;71;377.7;104;7346;3;33;1;08-10-2018;21:04
862;99;79;110.7;30;2154;2;16;1;21-09-2019;17:57
863;20;28;455.15;118;8867;39;25;1;19-05-2019;22:29
864;56;57;502.0;107;9826;30;21;0;07-09-2017;12:35
865;35;77;728.45;13;14543;44;99;1;15-01-2018;16:00
866;61;99;393.35;60;7747;22;96;1;28-02-2016;03:22
867;76;96;733.9;21;14636;49;98;1;28-11-2017;12:23
868;36;66;601.25;8;12009;23;40;1;20-11-2016;10:07
869;25;28;246.15;144;4635;85;57;1;24-03-2018;15:33
870;21;58;364.45;51;7187;72;69;1;16-12-2018;09:35
871;74;10;689.35;63;13661;13;52;1;12-08-2019;07:39
872;57;20;297.15;153;5637;49;53;1;31-07-2019;20:20
873;74;50;88.35;47;1673;8;12;1;14-11-2016;05:37
874;97;66;746.8;97;14742;1;55;1;22-10-2018;20:43
875;73;19;520.25;41;10323;48;24;1;14-09-2019;00:59
876;12;70;442.55;93;8665;48;25;1;29-03-2018;22:12
877;64;27;388.65;66;7641;33;47;1;07-11-2018;20:39
878;63;14;580.15;87;11429;88;18;1;01-12-2018;13:06
879;23;53;568.8;117;11142;98;4;1;25-11-2017;07:00
880;98;77;383.8;137;7402;30;32;1;13-10-2017;02:06
881;57;38;602.0;34;11972;46;83;1;26-12-2016;10:13
882;65;57;529.8;29;10538;89;73;1;19-12-2016;11:30
883;65;39;655.1;92;12918;65;33;1;21-12-2019;12:48
884;100;98;535.2;22;10660;83;78;1;10-04-2018;01:01
885;95;94;375.65;150;7213;7;85;1;18-03-2019;14:43
886;3;99;450.8;140;8736;98;59;1;30-07-2016;10:50
887;67;39;730.15;33;14537;100;76;1;28-10-2018;12:27
888;89;19;210.5;75;4060;93;5;1;05-11-2019;02:00
889;65;5;294.25;127;5631;47;98;0;15-02-2019;00:57
890;75;42;493.85;38;9801;21;99;1;29-04-2018;07:47
891;58;91;326.7;107;6320;66;51;1;23-10-2019;15:35
892;42;4;531.0;145;10330;55;72;1;06-07-2016;07:25
893;50;72;546.3;140;10646;42;17;1;23-09-2018;15:57
894;6;11;679.65;143;13307;88;58;1;09-08-2017;21:21
895;94;88;516.5;16;10298;53;6;1;01-02-2016;02:10
896;79;16;312.0;49;6142;30;62;1;14-03-2016;11:02
897;88;40;137.9;155;2448;33;54;1;06-06-2017;14:08
898;48;56;428.85;136;8305;65;45;1;30-07-2018;03:27
899;9;67;603.35;5;12057;99;96;1;22-08-2017;21:06
900;18;100;196.3;165;3596;81;40;1;04-12-2017;03:49
901;53;53;82.85;120;1417;16;83;1;04-06-2019;20:36
902;87;35;731.1;126;14370;24;12;1;12-08-2018;15:23
903;80;100;382.15;25;7593;45;36;1;04-01-2016;06:43
904;68;60;19.6;62;268;64;13;1;30-08-2019;07:56
905;39;66;141.5;150;2530;7;90;1;08-09-2018;04:49
906;87;16;272.95;18;5423;52;78;1;05-09-2018;03:04
907;92;11;571.8;59;11318;37;69;1;22-11-2017;00:16
908;86;13;565.7;81;11152;33;83;1;13-01-2018;00:55
909;36;94;195.35;154;3599;47;19;1;01-09-2019;12:51
910;98;43;621.4;82;12264;90;70;1;25-04-2019;06:31
911;10;34;225.2;70;4364;47;28;1;04-06-2016;01:14
912;29;50;280.65;23;5567;22;11;1;02-03-2017;00:01
913;74;43;331.35;44;6539;59;23;1;24-08-2017;13:54
914;79;3;646.45;49;12831;72;91;1;30-09-2017;14:21
915;20;95;69.8;36;1324;43;17;1;26-01-2018;07:53
916;86;25;611.05;75;12071;57;45;1;16-01-2019;03:14
917;79;10;493.15;57;9749;72;28;1;24-04-2016;10:20
918;100;99;141.65;152;2529;15;79;1;10-01-2018;01:20
919;52;48;257.65;32;5089;65;74;1;26-08-2019;21:07
920;48;15;96.3;79;1768;17;61;1;04-12-2019;23:59
921;41;66;195.0;116;3668;82;7;1;26-06-2019;03:48
922;9;16;580.95;162;11295;59;40;1;23-08-2017;16:45
923;1;88;503.15;97;9869;13;97;1;19-01-2019;06:52
924;53;79;103.85;50;1977;59;9;1;27-10-2019;12:53
925;67;19;303.25;25;6015;41;50;1;30-12-2019;11:32
926;3;9;219.9;48;4302;91;31;1;27-06-2018;07:33
927;21;66;725.5;141;14228;23;11;1;24-09-2017;00:46
928;29;1;81.75;88;1459;72;24;1;10-02-2017;23:03
929;82;8;45.5;73;764;69;77;1;24-07-2017;00:17
930;40;67;676.55;110;13311;87;88;1;26-03-2016;01:17
931;3;86;704.1;76;13930;99;30;1;25-01-2018;04:43
932;35;77;582.5;52;11546;40;27;1;04-09-2019;21:38
933;18;2;648.0;94;12772;79;90;1;11-03-2018;08:50
934;54;38;193.95;150;3579;98;71;0;30-06-2017;14:35
935;90;74;232.15;41;4561;53;81;1;08-10-2016;18:08
936;36;92;663.9;163;12952;63;9;1;24-07-2016;07:58
937;93;77;535.65;30;10653;25;19;1;28-02-2017;22:46
938;17;2;131.85;31;2575;93;3;1;02-06-2017;02:18
939;88;61;514.55;100;10091;84;52;1;04-10-2017;13:43
940;99;17;316.2;14;6296;42;54;1;18-07-2016;11:04
941;22;70;133.7;119;2436;3;53;1;03-07-2018;17:46
942;47;17;264.7;101;5092;19;88;1;15-07-2017;13:48
943;98;93;314.15;44;6195;62;42;1;12-11-2017;04:15
944;43;97;665.35;176;12955;69;55;1;26-04-2017;18:55
945;90;42;507.8;159;9838;82;5;1;26-04-2018;10:05
946;45;67;647.3;92;12762;81;96;1;23-01-2016;02:46
947;61;52;731.4;128;14372;61;83;1;15-06-2016;05:00
948;94;16;563.8;158;10960;14;74;1;08-04-2017;18:25
949;94;86;188.3;38;3690;6;70;1;02-09-2018;06:25
950;8;9;360.2;24;7156;99;87;1;12-11-2019;19:17
951;17;37;236.45;27;4675;62;42;1;24-07-2016;10:59
952;4;62;179.25;101;3383;43;15;1;17-05-2017;17:56
953;58;78;277.75;146;5263;20;79;1;23-02-2017;03:24
954;90;44;163.75;173;2929;62;66;1;03-02-2017;08:21
955;83;8;90.1;121;1560;13;99;1;11-12-2018;12:44
956;11;52;686.3;141;13444;99;62;1;29-10-2016;00:39
957;29;76;594.4;62;11764;100;26;1;01-09-2018;18:32
958;86;50;129.7;20;2554;53;57;1;27-03-2016;11:22
959;96;61;269.0;92;5196;45;89;1;15-06-2018;01:13
960;14;30;634.0;143;12394;37;41;1;19-02-2018;23:48
961;92;46;445.35;159;8589;99;52;1;18-08-2016;16:12
962;88;95;327.5;51;6448;19;74;1;10-03-2016;07:30
963;97;36;86.55;23;1685;17;44;0;11-04-2018;15:57
964;48;20;97.1;123;1696;72;50;1;15-03-2019;09:15
965;95;88;578.25;38;11489;39;43;1;01-09-2019;17:45
966;13;47;34.45;92;505;90;51;1;16-10-2016;23:57
967;70;67;482.6;124;9404;68;91;1;11-04-2019;00:48
968;30;2;656.95;133;12873;53;70;1;26-06-2019;21:16
969;66;30;227.0;135;4270;32;30;1;08-08-2017;23:17
970;37;54;196.05;83;3755;64;11;0;03-09-2018;10:06
971;82;85;53.25;179;707;63;58;1;09-11-2019;14:07
972;16;11;674.5;124;13242;4;67;1;26-01-2018;09:59
973;35;84;372.45;180;7089;64;7;1;02-08-2018;14:29
974;14;57;408.5;84;8002;93;22;1;09-03-2019;01:52
975;3;50;598.0;135;11690;61;83;1;30-05-2017;04:27
976;51;93;499.65;144;9705;31;39;1;20-11-2018;02:41
977;21;94;35.75;72;571;41;60;1;13-02-2017;10:50
978;72;90;296.45;36;5857;70;58;1;29-07-2017;23:48
979;90;68;176.05;68;3385;4;85;1;05-07-2016;07:49
980;84;74;320.05;153;6095;66;74;1;04-06-2017;20:01
981;96;39;28.75;106;363;77;84;1;07-01-2018;15:25
982;30;20;68.65;94;1185;43;57;1;10-06-2017;03:02
983;93;40;650.6;179;12654;15;32;1;16-01-2017;09:48
984;36;41;282.9;23;5612;9;73;1;01-03-2018;04:30
985;31;84;426.65;154;8225;60;89;1;24-01-2019;23:09
986;58;9;720.2;171;14062;32;48;1;25-02-2016;20:04
987;96;1;133.15;105;2453;91;37;1;27-01-2017;22:16
988;58;40;131.5;144;2342;22;15;1;27-01-2017;19:18
989;23;83;653.2;116;12832;79;15;1;03-07-2018;12:23
990;54;58;182.2;36;3572;27;28;1;25-02-2018;14:24
991;35;96;700.85;39;13939;88;1;1;19-06-2016;13:52
992;36;28;355.65;73;6967;97;48;1;30-03-2017;19:31
993;49;87;621.8;135;12166;79;99;1;03-05-2019;06:09
994;62;52;127.55;52;2447;4;60;1;31-07-2016;18:55
995;77;43;447.75;103;8749;50;29;1;12-02-2019;02:37
996;73;19;437.9;16;8726;71;60;1;19-08-2016;13:47
997;12;97;176.6;106;3320;5;28;1;05-05-2017;04:28
998;35;1;530.05;54;10493;36;34;0;25-08-2017;02:31
999;80;80;292.85;111;5635;54;12;1;24-06-2018;18:08
1000;38;9;294.55;6;5879;82;34;1;06-05-2016;05:46
